GEO.id,GEO.id2,GEO.display-label,HD01_VD01,HD02_VD01
0500000US01003,01003,"Baldwin County, Alabama",0.4371,0.0186
0500000US01015,01015,"Calhoun County, Alabama",0.4563,0.0216
0500000US01043,01043,"Cullman County, Alabama",0.4453,0.0431
0500000US01049,01049,"DeKalb County, Alabama",0.4131,0.0339
0500000US01051,01051,"Elmore County, Alabama",0.3744,0.0218
0500000US01055,01055,"Etowah County, Alabama",0.4467,0.0237
0500000US01069,01069,"Houston County, Alabama",0.4888,0.0157
0500000US01073,01073,"Jefferson County, Alabama",0.4968,0.0112
0500000US01077,01077,"Lauderdale County, Alabama",0.4662,0.0211
0500000US01081,01081,"Lee County, Alabama",0.4680,0.0181
0500000US01083,01083,"Limestone County, Alabama",0.4492,0.0242
0500000US01089,01089,"Madison County, Alabama",0.4538,0.0157
0500000US01095,01095,"Marshall County, Alabama",0.4673,0.0276
0500000US01097,01097,"Mobile County, Alabama",0.4792,0.0186
0500000US01101,01101,"Montgomery County, Alabama",0.4875,0.0259
0500000US01103,01103,"Morgan County, Alabama",0.4475,0.0239
0500000US01115,01115,"St. Clair County, Alabama",0.4278,0.0396
0500000US01117,01117,"Shelby County, Alabama",0.4477,0.0306
0500000US01121,01121,"Talladega County, Alabama",0.4626,0.0333
0500000US01125,01125,"Tuscaloosa County, Alabama",0.4787,0.0195
0500000US01127,01127,"Walker County, Alabama",0.4719,0.0360
0500000US02020,02020,"Anchorage Municipality, Alaska",0.4204,0.0160
0500000US02090,02090,"Fairbanks North Star Borough, Alaska",0.4349,0.0470
0500000US02170,02170,"Matanuska-Susitna Borough, Alaska",0.4137,0.0151
0500000US04001,04001,"Apache County, Arizona",0.4637,0.0210
0500000US04003,04003,"Cochise County, Arizona",0.4662,0.0349
0500000US04005,04005,"Coconino County, Arizona",0.4816,0.0249
0500000US04013,04013,"Maricopa County, Arizona",0.4609,0.0055
0500000US04015,04015,"Mohave County, Arizona",0.4554,0.0272
0500000US04017,04017,"Navajo County, Arizona",0.4572,0.0266
0500000US04019,04019,"Pima County, Arizona",0.4728,0.0093
0500000US04021,04021,"Pinal County, Arizona",0.3889,0.0128
0500000US04025,04025,"Yavapai County, Arizona",0.4198,0.0176
0500000US04027,04027,"Yuma County, Arizona",0.4189,0.0167
0500000US05007,05007,"Benton County, Arkansas",0.4482,0.0212
0500000US05031,05031,"Craighead County, Arkansas",0.4534,0.0381
0500000US05045,05045,"Faulkner County, Arkansas",0.4242,0.0218
0500000US05051,05051,"Garland County, Arkansas",0.4830,0.0334
0500000US05069,05069,"Jefferson County, Arkansas",0.4702,0.0281
0500000US05085,05085,"Lonoke County, Arkansas",0.4055,0.0422
0500000US05119,05119,"Pulaski County, Arkansas",0.4850,0.0161
0500000US05125,05125,"Saline County, Arkansas",0.3759,0.0216
0500000US05131,05131,"Sebastian County, Arkansas",0.4695,0.0351
0500000US05143,05143,"Washington County, Arkansas",0.4826,0.0208
0500000US05145,05145,"White County, Arkansas",0.4542,0.0262
0500000US06001,06001,"Alameda County, California",0.4753,0.0074
0500000US06007,06007,"Butte County, California",0.4635,0.0178
0500000US06013,06013,"Contra Costa County, California",0.4617,0.0092
0500000US06017,06017,"El Dorado County, California",0.4248,0.0214
0500000US06019,06019,"Fresno County, California",0.4782,0.0093
0500000US06023,06023,"Humboldt County, California",0.4586,0.0210
0500000US06025,06025,"Imperial County, California",0.4673,0.0188
0500000US06029,06029,"Kern County, California",0.4585,0.0111
0500000US06031,06031,"Kings County, California",0.4595,0.0398
0500000US06033,06033,"Lake County, California",0.4725,0.0400
0500000US06037,06037,"Los Angeles County, California",0.4965,0.0032
0500000US06039,06039,"Madera County, California",0.4730,0.0294
0500000US06041,06041,"Marin County, California",0.5173,0.0187
0500000US06045,06045,"Mendocino County, California",0.4327,0.0176
0500000US06047,06047,"Merced County, California",0.4518,0.0192
0500000US06053,06053,"Monterey County, California",0.4390,0.0146
0500000US06055,06055,"Napa County, California",0.4500,0.0216
0500000US06057,06057,"Nevada County, California",0.4299,0.0383
0500000US06059,06059,"Orange County, California",0.4643,0.0064
0500000US06061,06061,"Placer County, California",0.4322,0.0158
0500000US06065,06065,"Riverside County, California",0.4404,0.0055
0500000US06067,06067,"Sacramento County, California",0.4561,0.0069
0500000US06071,06071,"San Bernardino County, California",0.4390,0.0077
0500000US06073,06073,"San Diego County, California",0.4665,0.0060
0500000US06075,06075,"San Francisco County, California",0.5225,0.0104
0500000US06077,06077,"San Joaquin County, California",0.4564,0.0125
0500000US06079,06079,"San Luis Obispo County, California",0.4437,0.0172
0500000US06081,06081,"San Mateo County, California",0.4849,0.0128
0500000US06083,06083,"Santa Barbara County, California",0.4698,0.0151
0500000US06085,06085,"Santa Clara County, California",0.4663,0.0085
0500000US06087,06087,"Santa Cruz County, California",0.4615,0.0183
0500000US06089,06089,"Shasta County, California",0.4358,0.0150
0500000US06095,06095,"Solano County, California",0.4312,0.0130
0500000US06097,06097,"Sonoma County, California",0.4552,0.0147
0500000US06099,06099,"Stanislaus County, California",0.4455,0.0120
0500000US06101,06101,"Sutter County, California",0.4756,0.0466
0500000US06107,06107,"Tulare County, California",0.4594,0.0158
0500000US06111,06111,"Ventura County, California",0.4431,0.0116
0500000US06113,06113,"Yolo County, California",0.4796,0.0211
0500000US06115,06115,"Yuba County, California",0.4136,0.0278
0500000US08001,08001,"Adams County, Colorado",0.3930,0.0149
0500000US08005,08005,"Arapahoe County, Colorado",0.4622,0.0118
0500000US08013,08013,"Boulder County, Colorado",0.4763,0.0165
0500000US08031,08031,"Denver County, Colorado",0.5048,0.0136
0500000US08035,08035,"Douglas County, Colorado",0.4065,0.0159
0500000US08041,08041,"El Paso County, Colorado",0.4376,0.0150
0500000US08059,08059,"Jefferson County, Colorado",0.4332,0.0093
0500000US08069,08069,"Larimer County, Colorado",0.4565,0.0196
0500000US08077,08077,"Mesa County, Colorado",0.4455,0.0228
0500000US08101,08101,"Pueblo County, Colorado",0.4291,0.0173
0500000US08123,08123,"Weld County, Colorado",0.4329,0.0194
0500000US09001,09001,"Fairfield County, Connecticut",0.5459,0.0112
0500000US09003,09003,"Hartford County, Connecticut",0.4702,0.0090
0500000US09005,09005,"Litchfield County, Connecticut",0.4214,0.0188
0500000US09007,09007,"Middlesex County, Connecticut",0.4292,0.0242
0500000US09009,09009,"New Haven County, Connecticut",0.4637,0.0093
0500000US09011,09011,"New London County, Connecticut",0.4332,0.0150
0500000US09013,09013,"Tolland County, Connecticut",0.3985,0.0171
0500000US09015,09015,"Windham County, Connecticut",0.4111,0.0247
0500000US10001,10001,"Kent County, Delaware",0.3924,0.0157
0500000US10003,10003,"New Castle County, Delaware",0.4427,0.0118
0500000US10005,10005,"Sussex County, Delaware",0.4310,0.0160
0500000US11001,11001,"District of Columbia, District of Columbia",0.5343,0.0126
0500000US12001,12001,"Alachua County, Florida",0.5278,0.0231
0500000US12005,12005,"Bay County, Florida",0.4229,0.0156
0500000US12009,12009,"Brevard County, Florida",0.4553,0.0126
0500000US12011,12011,"Broward County, Florida",0.4683,0.0077
0500000US12015,12015,"Charlotte County, Florida",0.4126,0.0238
0500000US12017,12017,"Citrus County, Florida",0.4398,0.0279
0500000US12019,12019,"Clay County, Florida",0.4112,0.0218
0500000US12021,12021,"Collier County, Florida",0.5343,0.0196
0500000US12023,12023,"Columbia County, Florida",0.4373,0.0340
0500000US12031,12031,"Duval County, Florida",0.4765,0.0124
0500000US12033,12033,"Escambia County, Florida",0.4383,0.0214
0500000US12035,12035,"Flagler County, Florida",0.4505,0.0342
0500000US12053,12053,"Hernando County, Florida",0.4258,0.0215
0500000US12055,12055,"Highlands County, Florida",0.4377,0.0236
0500000US12057,12057,"Hillsborough County, Florida",0.4882,0.0083
0500000US12061,12061,"Indian River County, Florida",0.5610,0.0418
0500000US12069,12069,"Lake County, Florida",0.4479,0.0191
0500000US12071,12071,"Lee County, Florida",0.4698,0.0127
0500000US12073,12073,"Leon County, Florida",0.4787,0.0161
0500000US12081,12081,"Manatee County, Florida",0.4776,0.0193
0500000US12083,12083,"Marion County, Florida",0.4469,0.0199
0500000US12085,12085,"Martin County, Florida",0.5309,0.0278
0500000US12086,12086,"Miami-Dade County, Florida",0.5201,0.0081
0500000US12087,12087,"Monroe County, Florida",0.5303,0.0346
0500000US12089,12089,"Nassau County, Florida",0.4840,0.0685
0500000US12091,12091,"Okaloosa County, Florida",0.4229,0.0153
0500000US12095,12095,"Orange County, Florida",0.4731,0.0097
0500000US12097,12097,"Osceola County, Florida",0.4154,0.0189
0500000US12099,12099,"Palm Beach County, Florida",0.5100,0.0092
0500000US12101,12101,"Pasco County, Florida",0.4426,0.0155
0500000US12103,12103,"Pinellas County, Florida",0.4765,0.0093
0500000US12105,12105,"Polk County, Florida",0.4329,0.0118
0500000US12107,12107,"Putnam County, Florida",0.4537,0.0334
0500000US12109,12109,"St. Johns County, Florida",0.4984,0.0244
0500000US12111,12111,"St. Lucie County, Florida",0.4572,0.0243
0500000US12113,12113,"Santa Rosa County, Florida",0.4217,0.0323
0500000US12115,12115,"Sarasota County, Florida",0.4907,0.0210
0500000US12117,12117,"Seminole County, Florida",0.4528,0.0192
0500000US12119,12119,"Sumter County, Florida",0.4399,0.0523
0500000US12127,12127,"Volusia County, Florida",0.4685,0.0163
0500000US13013,13013,"Barrow County, Georgia",0.4121,0.0507
0500000US13015,13015,"Bartow County, Georgia",0.4229,0.0357
0500000US13021,13021,"Bibb County, Georgia",0.5065,0.0271
0500000US13031,13031,"Bulloch County, Georgia",0.4770,0.0340
0500000US13045,13045,"Carroll County, Georgia",0.4421,0.0305
0500000US13047,13047,"Catoosa County, Georgia",0.3904,0.0262
0500000US13051,13051,"Chatham County, Georgia",0.4867,0.0163
0500000US13057,13057,"Cherokee County, Georgia",0.3903,0.0180
0500000US13059,13059,"Clarke County, Georgia",0.5481,0.0280
0500000US13063,13063,"Clayton County, Georgia",0.4364,0.0175
0500000US13067,13067,"Cobb County, Georgia",0.4470,0.0117
0500000US13073,13073,"Columbia County, Georgia",0.4253,0.0312
0500000US13077,13077,"Coweta County, Georgia",0.4097,0.0291
0500000US13089,13089,"DeKalb County, Georgia",0.4980,0.0124
0500000US13095,13095,"Dougherty County, Georgia",0.5537,0.0436
0500000US13097,13097,"Douglas County, Georgia",0.3964,0.0230
0500000US13113,13113,"Fayette County, Georgia",0.4350,0.0305
0500000US13115,13115,"Floyd County, Georgia",0.4556,0.0229
0500000US13117,13117,"Forsyth County, Georgia",0.4024,0.0179
0500000US13121,13121,"Fulton County, Georgia",0.5397,0.0107
0500000US13127,13127,"Glynn County, Georgia",0.4992,0.0425
0500000US13135,13135,"Gwinnett County, Georgia",0.4363,0.0114
0500000US13139,13139,"Hall County, Georgia",0.4377,0.0198
0500000US13151,13151,"Henry County, Georgia",0.3953,0.0202
0500000US13153,13153,"Houston County, Georgia",0.4216,0.0263
0500000US13179,13179,"Liberty County, Georgia",0.4142,0.0364
0500000US13185,13185,"Lowndes County, Georgia",0.4804,0.0220
0500000US13215,13215,"Muscogee County, Georgia",0.4855,0.0290
0500000US13217,13217,"Newton County, Georgia",0.4139,0.0322
0500000US13223,13223,"Paulding County, Georgia",0.4031,0.0255
0500000US13245,13245,"Richmond County, Georgia",0.4779,0.0249
0500000US13247,13247,"Rockdale County, Georgia",0.4364,0.0284
0500000US13285,13285,"Troup County, Georgia",0.4981,0.0373
0500000US13295,13295,"Walker County, Georgia",0.4736,0.0295
0500000US13297,13297,"Walton County, Georgia",0.4229,0.0231
0500000US13313,13313,"Whitfield County, Georgia",0.4795,0.0481
0500000US15001,15001,"Hawaii County, Hawaii",0.4660,0.0230
0500000US15003,15003,"Honolulu County, Hawaii",0.4142,0.0080
0500000US15007,15007,"Kauai County, Hawaii",0.3944,0.0289
0500000US15009,15009,"Maui County, Hawaii",0.4348,0.0271
0500000US16001,16001,"Ada County, Idaho",0.4385,0.0163
0500000US16005,16005,"Bannock County, Idaho",0.4336,0.0285
0500000US16019,16019,"Bonneville County, Idaho",0.4344,0.0294
0500000US16027,16027,"Canyon County, Idaho",0.3956,0.0181
0500000US16055,16055,"Kootenai County, Idaho",0.4031,0.0226
0500000US16083,16083,"Twin Falls County, Idaho",0.4402,0.0497
0500000US17001,17001,"Adams County, Illinois",0.3965,0.0233
0500000US17019,17019,"Champaign County, Illinois",0.4734,0.0186
0500000US17031,17031,"Cook County, Illinois",0.4998,0.0057
0500000US17037,17037,"DeKalb County, Illinois",0.4389,0.0235
0500000US17043,17043,"DuPage County, Illinois",0.4415,0.0091
0500000US17089,17089,"Kane County, Illinois",0.4386,0.0162
0500000US17091,17091,"Kankakee County, Illinois",0.4265,0.0247
0500000US17093,17093,"Kendall County, Illinois",0.3606,0.0299
0500000US17097,17097,"Lake County, Illinois",0.4832,0.0123
0500000US17099,17099,"LaSalle County, Illinois",0.4226,0.0193
0500000US17111,17111,"McHenry County, Illinois",0.3925,0.0139
0500000US17113,17113,"McLean County, Illinois",0.4405,0.0185
0500000US17115,17115,"Macon County, Illinois",0.4626,0.0204
0500000US17119,17119,"Madison County, Illinois",0.4331,0.0169
0500000US17143,17143,"Peoria County, Illinois",0.4748,0.0204
0500000US17161,17161,"Rock Island County, Illinois",0.4335,0.0210
0500000US17163,17163,"St. Clair County, Illinois",0.4500,0.0149
0500000US17167,17167,"Sangamon County, Illinois",0.4331,0.0138
0500000US17179,17179,"Tazewell County, Illinois",0.4039,0.0226
0500000US17183,17183,"Vermilion County, Illinois",0.4291,0.0200
0500000US17197,17197,"Will County, Illinois",0.3995,0.0100
0500000US17199,17199,"Williamson County, Illinois",0.4547,0.0349
0500000US17201,17201,"Winnebago County, Illinois",0.4435,0.0161
0500000US18003,18003,"Allen County, Indiana",0.4376,0.0160
0500000US18005,18005,"Bartholomew County, Indiana",0.4209,0.0263
0500000US18019,18019,"Clark County, Indiana",0.4114,0.0245
0500000US18035,18035,"Delaware County, Indiana",0.4474,0.0248
0500000US18039,18039,"Elkhart County, Indiana",0.4241,0.0219
0500000US18043,18043,"Floyd County, Indiana",0.4688,0.0461
0500000US18053,18053,"Grant County, Indiana",0.4349,0.0305
0500000US18057,18057,"Hamilton County, Indiana",0.4120,0.0180
0500000US18059,18059,"Hancock County, Indiana",0.3878,0.0290
0500000US18063,18063,"Hendricks County, Indiana",0.3659,0.0180
0500000US18067,18067,"Howard County, Indiana",0.4515,0.0270
0500000US18081,18081,"Johnson County, Indiana",0.3993,0.0200
0500000US18085,18085,"Kosciusko County, Indiana",0.4278,0.0419
0500000US18089,18089,"Lake County, Indiana",0.4438,0.0126
0500000US18091,18091,"LaPorte County, Indiana",0.4218,0.0170
0500000US18095,18095,"Madison County, Indiana",0.4023,0.0223
0500000US18097,18097,"Marion County, Indiana",0.4716,0.0086
0500000US18105,18105,"Monroe County, Indiana",0.5028,0.0293
0500000US18109,18109,"Morgan County, Indiana",0.4059,0.0425
0500000US18127,18127,"Porter County, Indiana",0.3858,0.0173
0500000US18141,18141,"St. Joseph County, Indiana",0.4479,0.0172
0500000US18157,18157,"Tippecanoe County, Indiana",0.4656,0.0265
0500000US18163,18163,"Vanderburgh County, Indiana",0.4537,0.0215
0500000US18167,18167,"Vigo County, Indiana",0.4753,0.0302
0500000US18177,18177,"Wayne County, Indiana",0.4754,0.0340
0500000US19013,19013,"Black Hawk County, Iowa",0.4052,0.0224
0500000US19049,19049,"Dallas County, Iowa",0.4428,0.0252
0500000US19061,19061,"Dubuque County, Iowa",0.4348,0.0265
0500000US19103,19103,"Johnson County, Iowa",0.4661,0.0206
0500000US19113,19113,"Linn County, Iowa",0.4328,0.0169
0500000US19153,19153,"Polk County, Iowa",0.4339,0.0124
0500000US19155,19155,"Pottawattamie County, Iowa",0.4366,0.0337
0500000US19163,19163,"Scott County, Iowa",0.4515,0.0138
0500000US19169,19169,"Story County, Iowa",0.4559,0.0280
0500000US19193,19193,"Woodbury County, Iowa",0.4260,0.0237
0500000US20015,20015,"Butler County, Kansas",0.4052,0.0229
0500000US20045,20045,"Douglas County, Kansas",0.4707,0.0294
0500000US20091,20091,"Johnson County, Kansas",0.4422,0.0123
0500000US20103,20103,"Leavenworth County, Kansas",0.3963,0.0246
0500000US20161,20161,"Riley County, Kansas",0.4489,0.0385
0500000US20173,20173,"Sedgwick County, Kansas",0.4507,0.0121
0500000US20177,20177,"Shawnee County, Kansas",0.4313,0.0168
0500000US20209,20209,"Wyandotte County, Kansas",0.4282,0.0148
0500000US21015,21015,"Boone County, Kentucky",0.3885,0.0219
0500000US21029,21029,"Bullitt County, Kentucky",0.3775,0.0237
0500000US21037,21037,"Campbell County, Kentucky",0.4416,0.0231
0500000US21047,21047,"Christian County, Kentucky",0.4094,0.0257
0500000US21059,21059,"Daviess County, Kentucky",0.4310,0.0229
0500000US21067,21067,"Fayette County, Kentucky",0.4870,0.0147
0500000US21093,21093,"Hardin County, Kentucky",0.4088,0.0247
0500000US21111,21111,"Jefferson County, Kentucky",0.4768,0.0104
0500000US21117,21117,"Kenton County, Kentucky",0.4368,0.0156
0500000US21145,21145,"McCracken County, Kentucky",0.4667,0.0493
0500000US21151,21151,"Madison County, Kentucky",0.4398,0.0204
0500000US21195,21195,"Pike County, Kentucky",0.4801,0.0333
0500000US21227,21227,"Warren County, Kentucky",0.4343,0.0231
0500000US22005,22005,"Ascension Parish, Louisiana",0.4066,0.0269
0500000US22015,22015,"Bossier Parish, Louisiana",0.4406,0.0443
0500000US22017,22017,"Caddo Parish, Louisiana",0.4897,0.0190
0500000US22019,22019,"Calcasieu Parish, Louisiana",0.4631,0.0181
0500000US22033,22033,"East Baton Rouge Parish, Louisiana",0.4918,0.0153
0500000US22045,22045,"Iberia Parish, Louisiana",0.4982,0.0356
0500000US22051,22051,"Jefferson Parish, Louisiana",0.4618,0.0125
0500000US22055,22055,"Lafayette Parish, Louisiana",0.5057,0.0279
0500000US22057,22057,"Lafourche Parish, Louisiana",0.4168,0.0238
0500000US22063,22063,"Livingston Parish, Louisiana",0.4311,0.0347
0500000US22071,22071,"Orleans Parish, Louisiana",0.5744,0.0156
0500000US22073,22073,"Ouachita Parish, Louisiana",0.4879,0.0226
0500000US22079,22079,"Rapides Parish, Louisiana",0.4542,0.0238
0500000US22097,22097,"St. Landry Parish, Louisiana",0.4791,0.0218
0500000US22103,22103,"St. Tammany Parish, Louisiana",0.4612,0.0198
0500000US22105,22105,"Tangipahoa Parish, Louisiana",0.4906,0.0332
0500000US22109,22109,"Terrebonne Parish, Louisiana",0.4717,0.0313
0500000US23001,23001,"Androscoggin County, Maine",0.4650,0.0460
0500000US23003,23003,"Aroostook County, Maine",0.4228,0.0262
0500000US23005,23005,"Cumberland County, Maine",0.4586,0.0146
0500000US23011,23011,"Kennebec County, Maine",0.4469,0.0203
0500000US23019,23019,"Penobscot County, Maine",0.4338,0.0172
0500000US23031,23031,"York County, Maine",0.4307,0.0168
0500000US24001,24001,"Allegany County, Maryland",0.4823,0.0382
0500000US24003,24003,"Anne Arundel County, Maryland",0.4119,0.0138
0500000US24005,24005,"Baltimore County, Maryland",0.4396,0.0088
0500000US24009,24009,"Calvert County, Maryland",0.4090,0.0417
0500000US24013,24013,"Carroll County, Maryland",0.3858,0.0165
0500000US24015,24015,"Cecil County, Maryland",0.4136,0.0239
0500000US24017,24017,"Charles County, Maryland",0.3937,0.0222
0500000US24021,24021,"Frederick County, Maryland",0.3827,0.0132
0500000US24025,24025,"Harford County, Maryland",0.3929,0.0135
0500000US24027,24027,"Howard County, Maryland",0.3909,0.0134
0500000US24031,24031,"Montgomery County, Maryland",0.4504,0.0082
0500000US24033,24033,"Prince George's County, Maryland",0.3951,0.0069
0500000US24037,24037,"St. Mary's County, Maryland",0.3779,0.0452
0500000US24043,24043,"Washington County, Maryland",0.4146,0.0144
0500000US24045,24045,"Wicomico County, Maryland",0.4255,0.0256
0500000US24510,24510,"Baltimore city, Maryland",0.5008,0.0084
0500000US25001,25001,"Barnstable County, Massachusetts",0.4628,0.0184
0500000US25003,25003,"Berkshire County, Massachusetts",0.4646,0.0200
0500000US25005,25005,"Bristol County, Massachusetts",0.4525,0.0097
0500000US25009,25009,"Essex County, Massachusetts",0.4820,0.0118
0500000US25011,25011,"Franklin County, Massachusetts",0.4116,0.0211
0500000US25013,25013,"Hampden County, Massachusetts",0.4720,0.0135
0500000US25015,25015,"Hampshire County, Massachusetts",0.4422,0.0201
0500000US25017,25017,"Middlesex County, Massachusetts",0.4737,0.0074
0500000US25021,25021,"Norfolk County, Massachusetts",0.4797,0.0121
0500000US25023,25023,"Plymouth County, Massachusetts",0.4342,0.0137
0500000US25025,25025,"Suffolk County, Massachusetts",0.5330,0.0117
0500000US25027,25027,"Worcester County, Massachusetts",0.4419,0.0074
0500000US26005,26005,"Allegan County, Michigan",0.4393,0.0443
0500000US26017,26017,"Bay County, Michigan",0.4135,0.0234
0500000US26021,26021,"Berrien County, Michigan",0.4541,0.0182
0500000US26025,26025,"Calhoun County, Michigan",0.4362,0.0217
0500000US26037,26037,"Clinton County, Michigan",0.4503,0.0476
0500000US26045,26045,"Eaton County, Michigan",0.3860,0.0243
0500000US26049,26049,"Genesee County, Michigan",0.4488,0.0137
0500000US26055,26055,"Grand Traverse County, Michigan",0.4463,0.0355
0500000US26065,26065,"Ingham County, Michigan",0.4895,0.0140
0500000US26073,26073,"Isabella County, Michigan",0.5338,0.0434
0500000US26075,26075,"Jackson County, Michigan",0.4371,0.0195
0500000US26077,26077,"Kalamazoo County, Michigan",0.4777,0.0162
0500000US26081,26081,"Kent County, Michigan",0.4572,0.0131
0500000US26087,26087,"Lapeer County, Michigan",0.3809,0.0233
0500000US26091,26091,"Lenawee County, Michigan",0.3975,0.0146
0500000US26093,26093,"Livingston County, Michigan",0.3835,0.0133
0500000US26099,26099,"Macomb County, Michigan",0.4230,0.0086
0500000US26103,26103,"Marquette County, Michigan",0.4392,0.0211
0500000US26111,26111,"Midland County, Michigan",0.4529,0.0253
0500000US26115,26115,"Monroe County, Michigan",0.4107,0.0198
0500000US26121,26121,"Muskegon County, Michigan",0.4385,0.0190
0500000US26125,26125,"Oakland County, Michigan",0.4730,0.0069
0500000US26139,26139,"Ottawa County, Michigan",0.4065,0.0213
0500000US26145,26145,"Saginaw County, Michigan",0.4356,0.0132
0500000US26147,26147,"St. Clair County, Michigan",0.4428,0.0179
0500000US26155,26155,"Shiawassee County, Michigan",0.4370,0.0274
0500000US26159,26159,"Van Buren County, Michigan",0.4217,0.0161
0500000US26161,26161,"Washtenaw County, Michigan",0.4780,0.0134
0500000US26163,26163,"Wayne County, Michigan",0.4896,0.0073
0500000US27003,27003,"Anoka County, Minnesota",0.3862,0.0108
0500000US27013,27013,"Blue Earth County, Minnesota",0.4586,0.0407
0500000US27019,27019,"Carver County, Minnesota",0.4156,0.0226
0500000US27037,27037,"Dakota County, Minnesota",0.4070,0.0132
0500000US27053,27053,"Hennepin County, Minnesota",0.4851,0.0081
0500000US27109,27109,"Olmsted County, Minnesota",0.4216,0.0141
0500000US27123,27123,"Ramsey County, Minnesota",0.4442,0.0108
0500000US27137,27137,"St. Louis County, Minnesota",0.4386,0.0144
0500000US27139,27139,"Scott County, Minnesota",0.3866,0.0216
0500000US27141,27141,"Sherburne County, Minnesota",0.3445,0.0217
0500000US27145,27145,"Stearns County, Minnesota",0.4260,0.0130
0500000US27163,27163,"Washington County, Minnesota",0.4177,0.0151
0500000US27171,27171,"Wright County, Minnesota",0.3873,0.0347
0500000US28033,28033,"DeSoto County, Mississippi",0.3899,0.0202
0500000US28035,28035,"Forrest County, Mississippi",0.4887,0.0340
0500000US28047,28047,"Harrison County, Mississippi",0.4482,0.0229
0500000US28049,28049,"Hinds County, Mississippi",0.5298,0.0297
0500000US28059,28059,"Jackson County, Mississippi",0.4996,0.0350
0500000US28067,28067,"Jones County, Mississippi",0.4960,0.0484
0500000US28075,28075,"Lauderdale County, Mississippi",0.4713,0.0324
0500000US28081,28081,"Lee County, Mississippi",0.4617,0.0449
0500000US28089,28089,"Madison County, Mississippi",0.5144,0.0310
0500000US28121,28121,"Rankin County, Mississippi",0.4037,0.0197
0500000US29019,29019,"Boone County, Missouri",0.5159,0.0360
0500000US29021,29021,"Buchanan County, Missouri",0.4413,0.0224
0500000US29031,29031,"Cape Girardeau County, Missouri",0.4612,0.0531
0500000US29037,29037,"Cass County, Missouri",0.3893,0.0211
0500000US29043,29043,"Christian County, Missouri",0.3945,0.0300
0500000US29047,29047,"Clay County, Missouri",0.4058,0.0232
0500000US29051,29051,"Cole County, Missouri",0.4233,0.0260
0500000US29071,29071,"Franklin County, Missouri",0.4749,0.0445
0500000US29077,29077,"Greene County, Missouri",0.4455,0.0200
0500000US29095,29095,"Jackson County, Missouri",0.4724,0.0109
0500000US29097,29097,"Jasper County, Missouri",0.4635,0.0480
0500000US29099,29099,"Jefferson County, Missouri",0.3917,0.0169
0500000US29165,29165,"Platte County, Missouri",0.4365,0.0229
0500000US29183,29183,"St. Charles County, Missouri",0.3804,0.0100
0500000US29187,29187,"St. Francois County, Missouri",0.4377,0.0333
0500000US29189,29189,"St. Louis County, Missouri",0.4801,0.0103
0500000US29510,29510,"St. Louis city, Missouri",0.5201,0.0158
0500000US30013,30013,"Cascade County, Montana",0.4367,0.0261
0500000US30029,30029,"Flathead County, Montana",0.4715,0.0634
0500000US30031,30031,"Gallatin County, Montana",0.4990,0.0498
0500000US30063,30063,"Missoula County, Montana",0.4428,0.0194
0500000US30111,30111,"Yellowstone County, Montana",0.4305,0.0262
0500000US31055,31055,"Douglas County, Nebraska",0.4587,0.0100
0500000US31109,31109,"Lancaster County, Nebraska",0.4488,0.0130
0500000US31153,31153,"Sarpy County, Nebraska",0.3818,0.0146
0500000US32003,32003,"Clark County, Nevada",0.4531,0.0100
0500000US32031,32031,"Washoe County, Nevada",0.4741,0.0142
0500000US33005,33005,"Cheshire County, New Hampshire",0.4372,0.0435
0500000US33009,33009,"Grafton County, New Hampshire",0.4568,0.0237
0500000US33011,33011,"Hillsborough County, New Hampshire",0.4226,0.0125
0500000US33013,33013,"Merrimack County, New Hampshire",0.4229,0.0180
0500000US33015,33015,"Rockingham County, New Hampshire",0.4053,0.0142
0500000US33017,33017,"Strafford County, New Hampshire",0.4322,0.0229
0500000US34001,34001,"Atlantic County, New Jersey",0.4391,0.0143
0500000US34003,34003,"Bergen County, New Jersey",0.4828,0.0114
0500000US34005,34005,"Burlington County, New Jersey",0.4357,0.0123
0500000US34007,34007,"Camden County, New Jersey",0.4678,0.0121
0500000US34009,34009,"Cape May County, New Jersey",0.4330,0.0193
0500000US34011,34011,"Cumberland County, New Jersey",0.4598,0.0240
0500000US34013,34013,"Essex County, New Jersey",0.5387,0.0088
0500000US34015,34015,"Gloucester County, New Jersey",0.4014,0.0131
0500000US34017,34017,"Hudson County, New Jersey",0.4881,0.0091
0500000US34019,34019,"Hunterdon County, New Jersey",0.4506,0.0284
0500000US34021,34021,"Mercer County, New Jersey",0.4959,0.0182
0500000US34023,34023,"Middlesex County, New Jersey",0.4271,0.0082
0500000US34025,34025,"Monmouth County, New Jersey",0.4574,0.0107
0500000US34027,34027,"Morris County, New Jersey",0.4508,0.0136
0500000US34029,34029,"Ocean County, New Jersey",0.4322,0.0084
0500000US34031,34031,"Passaic County, New Jersey",0.4706,0.0146
0500000US34033,34033,"Salem County, New Jersey",0.4110,0.0220
0500000US34035,34035,"Somerset County, New Jersey",0.4544,0.0182
0500000US34037,34037,"Sussex County, New Jersey",0.3823,0.0170
0500000US34039,34039,"Union County, New Jersey",0.4806,0.0131
0500000US34041,34041,"Warren County, New Jersey",0.3638,0.0160
0500000US35001,35001,"Bernalillo County, New Mexico",0.4645,0.0108
0500000US35005,35005,"Chaves County, New Mexico",0.4814,0.0546
0500000US35013,35013,"Doña Ana County, New Mexico",0.4566,0.0195
0500000US35025,35025,"Lea County, New Mexico",0.4430,0.0264
0500000US35031,35031,"McKinley County, New Mexico",0.4981,0.0239
0500000US35035,35035,"Otero County, New Mexico",0.4398,0.0274
0500000US35043,35043,"Sandoval County, New Mexico",0.4237,0.0209
0500000US35045,35045,"San Juan County, New Mexico",0.4680,0.0211
0500000US35049,35049,"Santa Fe County, New Mexico",0.4814,0.0199
0500000US35061,35061,"Valencia County, New Mexico",0.4638,0.0477
0500000US36001,36001,"Albany County, New York",0.4492,0.0184
0500000US36005,36005,"Bronx County, New York",0.5005,0.0092
0500000US36007,36007,"Broome County, New York",0.4473,0.0152
0500000US36009,36009,"Cattaraugus County, New York",0.3949,0.0147
0500000US36011,36011,"Cayuga County, New York",0.3948,0.0171
0500000US36013,36013,"Chautauqua County, New York",0.4656,0.0348
0500000US36015,36015,"Chemung County, New York",0.4235,0.0167
0500000US36019,36019,"Clinton County, New York",0.4435,0.0328
0500000US36027,36027,"Dutchess County, New York",0.4378,0.0142
0500000US36029,36029,"Erie County, New York",0.4502,0.0102
0500000US36045,36045,"Jefferson County, New York",0.4127,0.0183
0500000US36047,36047,"Kings County, New York",0.5011,0.0062
0500000US36051,36051,"Livingston County, New York",0.3828,0.0193
0500000US36053,36053,"Madison County, New York",0.4464,0.0260
0500000US36055,36055,"Monroe County, New York",0.4571,0.0095
0500000US36059,36059,"Nassau County, New York",0.4395,0.0062
0500000US36061,36061,"New York County, New York",0.5962,0.0085
0500000US36063,36063,"Niagara County, New York",0.4332,0.0167
0500000US36065,36065,"Oneida County, New York",0.4664,0.0265
0500000US36067,36067,"Onondaga County, New York",0.4531,0.0110
0500000US36069,36069,"Ontario County, New York",0.4070,0.0184
0500000US36071,36071,"Orange County, New York",0.4398,0.0129
0500000US36075,36075,"Oswego County, New York",0.4182,0.0175
0500000US36079,36079,"Putnam County, New York",0.4160,0.0241
0500000US36081,36081,"Queens County, New York",0.4425,0.0056
0500000US36083,36083,"Rensselaer County, New York",0.4199,0.0193
0500000US36085,36085,"Richmond County, New York",0.4291,0.0121
0500000US36087,36087,"Rockland County, New York",0.4465,0.0134
0500000US36089,36089,"St. Lawrence County, New York",0.4838,0.0357
0500000US36091,36091,"Saratoga County, New York",0.4141,0.0168
0500000US36093,36093,"Schenectady County, New York",0.4470,0.0248
0500000US36101,36101,"Steuben County, New York",0.4216,0.0182
0500000US36103,36103,"Suffolk County, New York",0.4238,0.0069
0500000US36105,36105,"Sullivan County, New York",0.4580,0.0241
0500000US36109,36109,"Tompkins County, New York",0.5240,0.0466
0500000US36111,36111,"Ulster County, New York",0.4648,0.0260
0500000US36113,36113,"Warren County, New York",0.4351,0.0302
0500000US36117,36117,"Wayne County, New York",0.4056,0.0172
0500000US36119,36119,"Westchester County, New York",0.5349,0.0087
0500000US37001,37001,"Alamance County, North Carolina",0.4575,0.0220
0500000US37019,37019,"Brunswick County, North Carolina",0.4607,0.0792
0500000US37021,37021,"Buncombe County, North Carolina",0.4748,0.0209
0500000US37023,37023,"Burke County, North Carolina",0.4473,0.0265
0500000US37025,37025,"Cabarrus County, North Carolina",0.4364,0.0279
0500000US37027,37027,"Caldwell County, North Carolina",0.4453,0.0271
0500000US37031,37031,"Carteret County, North Carolina",0.4312,0.0235
0500000US37035,37035,"Catawba County, North Carolina",0.4531,0.0242
0500000US37037,37037,"Chatham County, North Carolina",0.4526,0.0336
0500000US37045,37045,"Cleveland County, North Carolina",0.4455,0.0236
0500000US37049,37049,"Craven County, North Carolina",0.4363,0.0243
0500000US37051,37051,"Cumberland County, North Carolina",0.4153,0.0141
0500000US37057,37057,"Davidson County, North Carolina",0.4281,0.0231
0500000US37063,37063,"Durham County, North Carolina",0.4817,0.0230
0500000US37067,37067,"Forsyth County, North Carolina",0.5039,0.0284
0500000US37071,37071,"Gaston County, North Carolina",0.4509,0.0173
0500000US37081,37081,"Guilford County, North Carolina",0.4640,0.0109
0500000US37085,37085,"Harnett County, North Carolina",0.4276,0.0168
0500000US37089,37089,"Henderson County, North Carolina",0.3956,0.0177
0500000US37097,37097,"Iredell County, North Carolina",0.4734,0.0225
0500000US37101,37101,"Johnston County, North Carolina",0.3966,0.0185
0500000US37109,37109,"Lincoln County, North Carolina",0.4476,0.0230
0500000US37119,37119,"Mecklenburg County, North Carolina",0.4957,0.0111
0500000US37125,37125,"Moore County, North Carolina",0.4819,0.0339
0500000US37127,37127,"Nash County, North Carolina",0.4604,0.0285
0500000US37129,37129,"New Hanover County, North Carolina",0.4502,0.0189
0500000US37133,37133,"Onslow County, North Carolina",0.3966,0.0218
0500000US37135,37135,"Orange County, North Carolina",0.5337,0.0231
0500000US37147,37147,"Pitt County, North Carolina",0.4513,0.0172
0500000US37151,37151,"Randolph County, North Carolina",0.4172,0.0209
0500000US37155,37155,"Robeson County, North Carolina",0.4876,0.0183
0500000US37157,37157,"Rockingham County, North Carolina",0.4178,0.0194
0500000US37159,37159,"Rowan County, North Carolina",0.4072,0.0174
0500000US37161,37161,"Rutherford County, North Carolina",0.4270,0.0369
0500000US37171,37171,"Surry County, North Carolina",0.4698,0.0371
0500000US37179,37179,"Union County, North Carolina",0.4622,0.0219
0500000US37183,37183,"Wake County, North Carolina",0.4366,0.0086
0500000US37191,37191,"Wayne County, North Carolina",0.4613,0.0306
0500000US37193,37193,"Wilkes County, North Carolina",0.4793,0.0341
0500000US37195,37195,"Wilson County, North Carolina",0.4568,0.0457
0500000US38015,38015,"Burleigh County, North Dakota",0.4228,0.0396
0500000US38017,38017,"Cass County, North Dakota",0.4492,0.0199
0500000US38035,38035,"Grand Forks County, North Dakota",0.4966,0.0242
0500000US39003,39003,"Allen County, Ohio",0.4505,0.0286
0500000US39007,39007,"Ashtabula County, Ohio",0.4321,0.0215
0500000US39013,39013,"Belmont County, Ohio",0.4515,0.0377
0500000US39017,39017,"Butler County, Ohio",0.4358,0.0144
0500000US39023,39023,"Clark County, Ohio",0.4393,0.0229
0500000US39025,39025,"Clermont County, Ohio",0.4540,0.0310
0500000US39029,39029,"Columbiana County, Ohio",0.4458,0.0351
0500000US39035,39035,"Cuyahoga County, Ohio",0.5086,0.0073
0500000US39041,39041,"Delaware County, Ohio",0.4184,0.0237
0500000US39043,39043,"Erie County, Ohio",0.4460,0.0401
0500000US39045,39045,"Fairfield County, Ohio",0.4067,0.0215
0500000US39049,39049,"Franklin County, Ohio",0.4719,0.0079
0500000US39055,39055,"Geauga County, Ohio",0.4469,0.0293
0500000US39057,39057,"Greene County, Ohio",0.4676,0.0224
0500000US39061,39061,"Hamilton County, Ohio",0.5077,0.0110
0500000US39063,39063,"Hancock County, Ohio",0.4326,0.0318
0500000US39081,39081,"Jefferson County, Ohio",0.4500,0.0287
0500000US39085,39085,"Lake County, Ohio",0.4246,0.0248
0500000US39089,39089,"Licking County, Ohio",0.4391,0.0228
0500000US39093,39093,"Lorain County, Ohio",0.4385,0.0110
0500000US39095,39095,"Lucas County, Ohio",0.4776,0.0099
0500000US39099,39099,"Mahoning County, Ohio",0.4519,0.0196
0500000US39101,39101,"Marion County, Ohio",0.3836,0.0227
0500000US39103,39103,"Medina County, Ohio",0.3990,0.0172
0500000US39109,39109,"Miami County, Ohio",0.4184,0.0254
0500000US39113,39113,"Montgomery County, Ohio",0.4588,0.0118
0500000US39119,39119,"Muskingum County, Ohio",0.4263,0.0198
0500000US39133,39133,"Portage County, Ohio",0.4255,0.0266
0500000US39139,39139,"Richland County, Ohio",0.4351,0.0364
0500000US39141,39141,"Ross County, Ohio",0.4330,0.0299
0500000US39145,39145,"Scioto County, Ohio",0.4556,0.0232
0500000US39151,39151,"Stark County, Ohio",0.4300,0.0143
0500000US39153,39153,"Summit County, Ohio",0.4683,0.0122
0500000US39155,39155,"Trumbull County, Ohio",0.4293,0.0157
0500000US39157,39157,"Tuscarawas County, Ohio",0.4153,0.0207
0500000US39165,39165,"Warren County, Ohio",0.4383,0.0357
0500000US39169,39169,"Wayne County, Ohio",0.4031,0.0195
0500000US39173,39173,"Wood County, Ohio",0.4449,0.0286
0500000US40017,40017,"Canadian County, Oklahoma",0.3934,0.0233
0500000US40027,40027,"Cleveland County, Oklahoma",0.4394,0.0200
0500000US40031,40031,"Comanche County, Oklahoma",0.4106,0.0209
0500000US40037,40037,"Creek County, Oklahoma",0.4397,0.0241
0500000US40101,40101,"Muskogee County, Oklahoma",0.4571,0.0487
0500000US40109,40109,"Oklahoma County, Oklahoma",0.4996,0.0197
0500000US40119,40119,"Payne County, Oklahoma",0.4993,0.0288
0500000US40125,40125,"Pottawatomie County, Oklahoma",0.4250,0.0196
0500000US40131,40131,"Rogers County, Oklahoma",0.4010,0.0325
0500000US40143,40143,"Tulsa County, Oklahoma",0.4790,0.0088
0500000US40145,40145,"Wagoner County, Oklahoma",0.3961,0.0270
0500000US41003,41003,"Benton County, Oregon",0.4839,0.0252
0500000US41005,41005,"Clackamas County, Oregon",0.4332,0.0123
0500000US41017,41017,"Deschutes County, Oregon",0.4641,0.0315
0500000US41019,41019,"Douglas County, Oregon",0.4247,0.0252
0500000US41029,41029,"Jackson County, Oregon",0.4516,0.0282
0500000US41033,41033,"Josephine County, Oregon",0.4624,0.0313
0500000US41035,41035,"Klamath County, Oregon",0.4436,0.0270
0500000US41039,41039,"Lane County, Oregon",0.4732,0.0181
0500000US41043,41043,"Linn County, Oregon",0.4143,0.0263
0500000US41047,41047,"Marion County, Oregon",0.4380,0.0203
0500000US41051,41051,"Multnomah County, Oregon",0.4716,0.0110
0500000US41053,41053,"Polk County, Oregon",0.4175,0.0225
0500000US41059,41059,"Umatilla County, Oregon",0.3823,0.0216
0500000US41067,41067,"Washington County, Oregon",0.4213,0.0134
0500000US41071,41071,"Yamhill County, Oregon",0.4403,0.0265
0500000US42001,42001,"Adams County, Pennsylvania",0.3930,0.0179
0500000US42003,42003,"Allegheny County, Pennsylvania",0.4874,0.0092
0500000US42005,42005,"Armstrong County, Pennsylvania",0.4147,0.0221
0500000US42007,42007,"Beaver County, Pennsylvania",0.4176,0.0187
0500000US42011,42011,"Berks County, Pennsylvania",0.4450,0.0137
0500000US42013,42013,"Blair County, Pennsylvania",0.4319,0.0175
0500000US42017,42017,"Bucks County, Pennsylvania",0.4294,0.0092
0500000US42019,42019,"Butler County, Pennsylvania",0.4310,0.0152
0500000US42021,42021,"Cambria County, Pennsylvania",0.4528,0.0163
0500000US42025,42025,"Carbon County, Pennsylvania",0.4136,0.0780
0500000US42027,42027,"Centre County, Pennsylvania",0.4864,0.0275
0500000US42029,42029,"Chester County, Pennsylvania",0.4505,0.0105
0500000US42033,42033,"Clearfield County, Pennsylvania",0.3950,0.0185
0500000US42037,42037,"Columbia County, Pennsylvania",0.4354,0.0283
0500000US42039,42039,"Crawford County, Pennsylvania",0.4194,0.0252
0500000US42041,42041,"Cumberland County, Pennsylvania",0.4489,0.0169
0500000US42043,42043,"Dauphin County, Pennsylvania",0.4287,0.0159
0500000US42045,42045,"Delaware County, Pennsylvania",0.4777,0.0103
0500000US42049,42049,"Erie County, Pennsylvania",0.4596,0.0203
0500000US42051,42051,"Fayette County, Pennsylvania",0.4380,0.0200
0500000US42055,42055,"Franklin County, Pennsylvania",0.3942,0.0176
0500000US42063,42063,"Indiana County, Pennsylvania",0.4349,0.0221
0500000US42069,42069,"Lackawanna County, Pennsylvania",0.4395,0.0129
0500000US42071,42071,"Lancaster County, Pennsylvania",0.4112,0.0105
0500000US42073,42073,"Lawrence County, Pennsylvania",0.4289,0.0185
0500000US42075,42075,"Lebanon County, Pennsylvania",0.3973,0.0174
0500000US42077,42077,"Lehigh County, Pennsylvania",0.4321,0.0141
0500000US42079,42079,"Luzerne County, Pennsylvania",0.4637,0.0158
0500000US42081,42081,"Lycoming County, Pennsylvania",0.4041,0.0149
0500000US42085,42085,"Mercer County, Pennsylvania",0.4330,0.0228
0500000US42089,42089,"Monroe County, Pennsylvania",0.3974,0.0196
0500000US42091,42091,"Montgomery County, Pennsylvania",0.4593,0.0071
0500000US42095,42095,"Northampton County, Pennsylvania",0.4332,0.0148
0500000US42097,42097,"Northumberland County, Pennsylvania",0.4250,0.0183
0500000US42101,42101,"Philadelphia County, Pennsylvania",0.5116,0.0095
0500000US42107,42107,"Schuylkill County, Pennsylvania",0.4154,0.0194
0500000US42111,42111,"Somerset County, Pennsylvania",0.4208,0.0283
0500000US42125,42125,"Washington County, Pennsylvania",0.4471,0.0190
0500000US42129,42129,"Westmoreland County, Pennsylvania",0.4364,0.0113
0500000US42133,42133,"York County, Pennsylvania",0.4011,0.0104
0500000US44003,44003,"Kent County, Rhode Island",0.4441,0.0200
0500000US44005,44005,"Newport County, Rhode Island",0.4665,0.0222
0500000US44007,44007,"Providence County, Rhode Island",0.4715,0.0106
0500000US44009,44009,"Washington County, Rhode Island",0.4138,0.0223
0500000US45003,45003,"Aiken County, South Carolina",0.4522,0.0240
0500000US45007,45007,"Anderson County, South Carolina",0.4684,0.0234
0500000US45013,45013,"Beaufort County, South Carolina",0.4746,0.0216
0500000US45015,45015,"Berkeley County, South Carolina",0.4383,0.0354
0500000US45019,45019,"Charleston County, South Carolina",0.4975,0.0145
0500000US45031,45031,"Darlington County, South Carolina",0.4575,0.0244
0500000US45035,45035,"Dorchester County, South Carolina",0.4030,0.0190
0500000US45041,45041,"Florence County, South Carolina",0.4734,0.0257
0500000US45045,45045,"Greenville County, South Carolina",0.4932,0.0160
0500000US45047,45047,"Greenwood County, South Carolina",0.4994,0.0401
0500000US45051,45051,"Horry County, South Carolina",0.4523,0.0189
0500000US45057,45057,"Lancaster County, South Carolina",0.4408,0.0295
0500000US45059,45059,"Laurens County, South Carolina",0.4442,0.0326
0500000US45063,45063,"Lexington County, South Carolina",0.4243,0.0133
0500000US45073,45073,"Oconee County, South Carolina",0.5177,0.0734
0500000US45075,45075,"Orangeburg County, South Carolina",0.4613,0.0230
0500000US45077,45077,"Pickens County, South Carolina",0.4292,0.0153
0500000US45079,45079,"Richland County, South Carolina",0.4497,0.0131
0500000US45083,45083,"Spartanburg County, South Carolina",0.4286,0.0123
0500000US45085,45085,"Sumter County, South Carolina",0.4278,0.0269
0500000US45091,45091,"York County, South Carolina",0.4535,0.0190
0500000US46099,46099,"Minnehaha County, South Dakota",0.4200,0.0255
0500000US46103,46103,"Pennington County, South Dakota",0.4266,0.0245
0500000US47001,47001,"Anderson County, Tennessee",0.4821,0.0297
0500000US47009,47009,"Blount County, Tennessee",0.4324,0.0253
0500000US47011,47011,"Bradley County, Tennessee",0.4432,0.0400
0500000US47037,47037,"Davidson County, Tennessee",0.4898,0.0108
0500000US47059,47059,"Greene County, Tennessee",0.4587,0.0492
0500000US47065,47065,"Hamilton County, Tennessee",0.4802,0.0170
0500000US47093,47093,"Knox County, Tennessee",0.4738,0.0126
0500000US47113,47113,"Madison County, Tennessee",0.4526,0.0208
0500000US47119,47119,"Maury County, Tennessee",0.4737,0.0330
0500000US47125,47125,"Montgomery County, Tennessee",0.4052,0.0202
0500000US47141,47141,"Putnam County, Tennessee",0.4999,0.0222
0500000US47147,47147,"Robertson County, Tennessee",0.3861,0.0357
0500000US47149,47149,"Rutherford County, Tennessee",0.4077,0.0180
0500000US47155,47155,"Sevier County, Tennessee",0.4116,0.0264
0500000US47157,47157,"Shelby County, Tennessee",0.5002,0.0105
0500000US47163,47163,"Sullivan County, Tennessee",0.4723,0.0249
0500000US47165,47165,"Sumner County, Tennessee",0.4299,0.0237
0500000US47179,47179,"Washington County, Tennessee",0.4985,0.0366
0500000US47187,47187,"Williamson County, Tennessee",0.4461,0.0239
0500000US47189,47189,"Wilson County, Tennessee",0.4087,0.0292
0500000US48005,48005,"Angelina County, Texas",0.5008,0.0709
0500000US48021,48021,"Bastrop County, Texas",0.4572,0.0628
0500000US48027,48027,"Bell County, Texas",0.4283,0.0172
0500000US48029,48029,"Bexar County, Texas",0.4639,0.0067
0500000US48037,48037,"Bowie County, Texas",0.4970,0.0444
0500000US48039,48039,"Brazoria County, Texas",0.4332,0.0258
0500000US48041,48041,"Brazos County, Texas",0.5179,0.0186
0500000US48061,48061,"Cameron County, Texas",0.4980,0.0176
0500000US48085,48085,"Collin County, Texas",0.4288,0.0106
0500000US48091,48091,"Comal County, Texas",0.4430,0.0196
0500000US48099,48099,"Coryell County, Texas",0.4263,0.0352
0500000US48113,48113,"Dallas County, Texas",0.4918,0.0070
0500000US48121,48121,"Denton County, Texas",0.4273,0.0093
0500000US48135,48135,"Ector County, Texas",0.4196,0.0213
0500000US48139,48139,"Ellis County, Texas",0.4022,0.0220
0500000US48141,48141,"El Paso County, Texas",0.4734,0.0123
0500000US48157,48157,"Fort Bend County, Texas",0.4214,0.0132
0500000US48167,48167,"Galveston County, Texas",0.4519,0.0170
0500000US48181,48181,"Grayson County, Texas",0.4358,0.0218
0500000US48183,48183,"Gregg County, Texas",0.4519,0.0334
0500000US48187,48187,"Guadalupe County, Texas",0.3916,0.0173
0500000US48201,48201,"Harris County, Texas",0.4977,0.0047
0500000US48203,48203,"Harrison County, Texas",0.4425,0.0397
0500000US48209,48209,"Hays County, Texas",0.4703,0.0222
0500000US48213,48213,"Henderson County, Texas",0.4691,0.0281
0500000US48215,48215,"Hidalgo County, Texas",0.4977,0.0191
0500000US48231,48231,"Hunt County, Texas",0.4549,0.0247
0500000US48245,48245,"Jefferson County, Texas",0.5005,0.0247
0500000US48251,48251,"Johnson County, Texas",0.3721,0.0177
0500000US48257,48257,"Kaufman County, Texas",0.4384,0.0454
0500000US48291,48291,"Liberty County, Texas",0.4270,0.0282
0500000US48303,48303,"Lubbock County, Texas",0.4863,0.0164
0500000US48309,48309,"McLennan County, Texas",0.4567,0.0167
0500000US48329,48329,"Midland County, Texas",0.4778,0.0344
0500000US48339,48339,"Montgomery County, Texas",0.4654,0.0175
0500000US48347,48347,"Nacogdoches County, Texas",0.4802,0.0406
0500000US48355,48355,"Nueces County, Texas",0.4494,0.0176
0500000US48361,48361,"Orange County, Texas",0.4319,0.0276
0500000US48367,48367,"Parker County, Texas",0.4384,0.0305
0500000US48375,48375,"Potter County, Texas",0.4679,0.0186
0500000US48381,48381,"Randall County, Texas",0.4156,0.0174
0500000US48397,48397,"Rockwall County, Texas",0.4267,0.0407
0500000US48409,48409,"San Patricio County, Texas",0.4122,0.0292
0500000US48423,48423,"Smith County, Texas",0.4641,0.0229
0500000US48439,48439,"Tarrant County, Texas",0.4601,0.0081
0500000US48441,48441,"Taylor County, Texas",0.4920,0.0444
0500000US48451,48451,"Tom Green County, Texas",0.4292,0.0239
0500000US48453,48453,"Travis County, Texas",0.4919,0.0110
0500000US48469,48469,"Victoria County, Texas",0.4667,0.0518
0500000US48471,48471,"Walker County, Texas",0.5118,0.0915
0500000US48479,48479,"Webb County, Texas",0.4712,0.0207
0500000US48485,48485,"Wichita County, Texas",0.4712,0.0308
0500000US48491,48491,"Williamson County, Texas",0.3738,0.0119
0500000US49005,49005,"Cache County, Utah",0.4387,0.0239
0500000US49011,49011,"Davis County, Utah",0.3840,0.0154
0500000US49035,49035,"Salt Lake County, Utah",0.4397,0.0126
0500000US49049,49049,"Utah County, Utah",0.4127,0.0147
0500000US49053,49053,"Washington County, Utah",0.4402,0.0231
0500000US49057,49057,"Weber County, Utah",0.3845,0.0141
0500000US50007,50007,"Chittenden County, Vermont",0.4309,0.0214
0500000US51003,51003,"Albemarle County, Virginia",0.4725,0.0262
0500000US51013,51013,"Arlington County, Virginia",0.4294,0.0154
0500000US51015,51015,"Augusta County, Virginia",0.4020,0.0288
0500000US51019,51019,"Bedford County, Virginia",0.4193,0.0260
0500000US51041,51041,"Chesterfield County, Virginia",0.3983,0.0118
0500000US51059,51059,"Fairfax County, Virginia",0.4229,0.0073
0500000US51061,51061,"Fauquier County, Virginia",0.4140,0.0505
0500000US51069,51069,"Frederick County, Virginia",0.4004,0.0275
0500000US51085,51085,"Hanover County, Virginia",0.3847,0.0195
0500000US51087,51087,"Henrico County, Virginia",0.4483,0.0158
0500000US51095,51095,"James City County, Virginia",0.4197,0.0452
0500000US51107,51107,"Loudoun County, Virginia",0.3670,0.0126
0500000US51121,51121,"Montgomery County, Virginia",0.5104,0.0388
0500000US51153,51153,"Prince William County, Virginia",0.3710,0.0119
0500000US51161,51161,"Roanoke County, Virginia",0.4360,0.0297
0500000US51165,51165,"Rockingham County, Virginia",0.4188,0.0305
0500000US51177,51177,"Spotsylvania County, Virginia",0.3673,0.0168
0500000US51179,51179,"Stafford County, Virginia",0.3710,0.0163
0500000US51199,51199,"York County, Virginia",0.4099,0.0363
0500000US51510,51510,"Alexandria city, Virginia",0.4404,0.0186
0500000US51550,51550,"Chesapeake city, Virginia",0.4091,0.0178
0500000US51650,51650,"Hampton city, Virginia",0.4457,0.0232
0500000US51680,51680,"Lynchburg city, Virginia",0.4917,0.0339
0500000US51700,51700,"Newport News city, Virginia",0.4318,0.0228
0500000US51710,51710,"Norfolk city, Virginia",0.4927,0.0215
0500000US51740,51740,"Portsmouth city, Virginia",0.4345,0.0228
0500000US51760,51760,"Richmond city, Virginia",0.5347,0.0267
0500000US51770,51770,"Roanoke city, Virginia",0.4592,0.0279
0500000US51800,51800,"Suffolk city, Virginia",0.4111,0.0200
0500000US51810,51810,"Virginia Beach city, Virginia",0.4203,0.0146
0500000US53005,53005,"Benton County, Washington",0.4478,0.0206
0500000US53007,53007,"Chelan County, Washington",0.4467,0.0298
0500000US53009,53009,"Clallam County, Washington",0.4142,0.0188
0500000US53011,53011,"Clark County, Washington",0.4231,0.0127
0500000US53015,53015,"Cowlitz County, Washington",0.4234,0.0273
0500000US53021,53021,"Franklin County, Washington",0.4078,0.0313
0500000US53025,53025,"Grant County, Washington",0.4013,0.0221
0500000US53027,53027,"Grays Harbor County, Washington",0.4531,0.0365
0500000US53029,53029,"Island County, Washington",0.4359,0.0470
0500000US53033,53033,"King County, Washington",0.4675,0.0061
0500000US53035,53035,"Kitsap County, Washington",0.4174,0.0184
0500000US53041,53041,"Lewis County, Washington",0.4181,0.0259
0500000US53053,53053,"Pierce County, Washington",0.4123,0.0082
0500000US53057,53057,"Skagit County, Washington",0.4019,0.0146
0500000US53061,53061,"Snohomish County, Washington",0.3970,0.0091
0500000US53063,53063,"Spokane County, Washington",0.4478,0.0140
0500000US53067,53067,"Thurston County, Washington",0.4036,0.0131
0500000US53073,53073,"Whatcom County, Washington",0.4698,0.0506
0500000US53077,53077,"Yakima County, Washington",0.4383,0.0223
0500000US54003,54003,"Berkeley County, West Virginia",0.4286,0.0362
0500000US54011,54011,"Cabell County, West Virginia",0.4896,0.0265
0500000US54033,54033,"Harrison County, West Virginia",0.4569,0.0225
0500000US54039,54039,"Kanawha County, West Virginia",0.4796,0.0230
0500000US54061,54061,"Monongalia County, West Virginia",0.5488,0.0327
0500000US54081,54081,"Raleigh County, West Virginia",0.4485,0.0292
0500000US54107,54107,"Wood County, West Virginia",0.4430,0.0354
0500000US55009,55009,"Brown County, Wisconsin",0.4661,0.0170
0500000US55025,55025,"Dane County, Wisconsin",0.4450,0.0145
0500000US55027,55027,"Dodge County, Wisconsin",0.3922,0.0182
0500000US55035,55035,"Eau Claire County, Wisconsin",0.4617,0.0386
0500000US55039,55039,"Fond du Lac County, Wisconsin",0.3833,0.0236
0500000US55055,55055,"Jefferson County, Wisconsin",0.3835,0.0188
0500000US55059,55059,"Kenosha County, Wisconsin",0.4187,0.0213
0500000US55063,55063,"La Crosse County, Wisconsin",0.4320,0.0205
0500000US55071,55071,"Manitowoc County, Wisconsin",0.4005,0.0162
0500000US55073,55073,"Marathon County, Wisconsin",0.4602,0.0502
0500000US55079,55079,"Milwaukee County, Wisconsin",0.4670,0.0078
0500000US55087,55087,"Outagamie County, Wisconsin",0.4324,0.0347
0500000US55089,55089,"Ozaukee County, Wisconsin",0.4510,0.0254
0500000US55097,55097,"Portage County, Wisconsin",0.4358,0.0290
0500000US55101,55101,"Racine County, Wisconsin",0.4370,0.0238
0500000US55105,55105,"Rock County, Wisconsin",0.4209,0.0211
0500000US55109,55109,"St. Croix County, Wisconsin",0.4053,0.0337
0500000US55117,55117,"Sheboygan County, Wisconsin",0.4053,0.0159
0500000US55127,55127,"Walworth County, Wisconsin",0.4350,0.0249
0500000US55131,55131,"Washington County, Wisconsin",0.4283,0.0295
0500000US55133,55133,"Waukesha County, Wisconsin",0.4121,0.0106
0500000US55139,55139,"Winnebago County, Wisconsin",0.4230,0.0250
0500000US55141,55141,"Wood County, Wisconsin",0.4096,0.0181
0500000US56021,56021,"Laramie County, Wyoming",0.4249,0.0283
0500000US56025,56025,"Natrona County, Wyoming",0.4231,0.0308
1600000US0107000,0107000,"Birmingham city, Alabama",0.5023,0.0225
1600000US0121184,0121184,"Dothan city, Alabama",0.5136,0.0188
1600000US0135896,0135896,"Hoover city, Alabama",0.4347,0.0282
1600000US0137000,0137000,"Huntsville city, Alabama",0.4952,0.0230
1600000US0150000,0150000,"Mobile city, Alabama",0.4971,0.0157
1600000US0151000,0151000,"Montgomery city, Alabama",0.4952,0.0268
1600000US0177256,0177256,"Tuscaloosa city, Alabama",0.5181,0.0270
1600000US0203000,0203000,"Anchorage municipality, Alaska",0.4204,0.0160
1600000US0404720,0404720,"Avondale city, Arizona",0.4252,0.0440
1600000US0410670,0410670,"Casas Adobes CDP, Arizona",0.4083,0.0309
1600000US0412000,0412000,"Chandler city, Arizona",0.4031,0.0143
1600000US0423620,0423620,"Flagstaff city, Arizona",0.4625,0.0318
1600000US0427400,0427400,"Gilbert town, Arizona",0.3721,0.0224
1600000US0427820,0427820,"Glendale city, Arizona",0.4375,0.0168
1600000US0428380,0428380,"Goodyear city, Arizona",0.3649,0.0386
1600000US0446000,0446000,"Mesa city, Arizona",0.4382,0.0143
1600000US0454050,0454050,"Peoria city, Arizona",0.4093,0.0177
1600000US0455000,0455000,"Phoenix city, Arizona",0.4694,0.0085
1600000US0464210,0464210,"San Tan Valley CDP, Arizona",0.3194,0.0348
1600000US0465000,0465000,"Scottsdale city, Arizona",0.5194,0.0233
1600000US0471510,0471510,"Surprise city, Arizona",0.3452,0.0194
1600000US0473000,0473000,"Tempe city, Arizona",0.4813,0.0279
1600000US0477000,0477000,"Tucson city, Arizona",0.4747,0.0135
1600000US0485540,0485540,"Yuma city, Arizona",0.4237,0.0244
1600000US0523290,0523290,"Fayetteville city, Arkansas",0.5219,0.0289
1600000US0524550,0524550,"Fort Smith city, Arkansas",0.4744,0.0396
1600000US0535710,0535710,"Jonesboro city, Arkansas",0.4803,0.0455
1600000US0541000,0541000,"Little Rock city, Arkansas",0.5067,0.0220
1600000US0566080,0566080,"Springdale city, Arkansas",0.4521,0.0343
1600000US0600562,0600562,"Alameda city, California",0.4655,0.0329
1600000US0600884,0600884,"Alhambra city, California",0.4266,0.0251
1600000US0602000,0602000,"Anaheim city, California",0.4481,0.0134
1600000US0602252,0602252,"Antioch city, California",0.4312,0.0271
1600000US0602364,0602364,"Apple Valley town, California",0.4664,0.0309
1600000US0602553,0602553,"Arden-Arcade CDP, California",0.5138,0.0266
1600000US0603526,0603526,"Bakersfield city, California",0.4476,0.0179
1600000US0603666,0603666,"Baldwin Park city, California",0.3866,0.0268
1600000US0604982,0604982,"Bellflower city, California",0.4355,0.0244
1600000US0606000,0606000,"Berkeley city, California",0.5438,0.0248
1600000US0608786,0608786,"Buena Park city, California",0.3912,0.0283
1600000US0608954,0608954,"Burbank city, California",0.4368,0.0233
1600000US0610046,0610046,"Camarillo city, California",0.4061,0.0296
1600000US0611194,0611194,"Carlsbad city, California",0.4872,0.0299
1600000US0611530,0611530,"Carson city, California",0.3591,0.0237
1600000US0613014,0613014,"Chico city, California",0.4438,0.0214
1600000US0613210,0613210,"Chino city, California",0.4113,0.0351
1600000US0613214,0613214,"Chino Hills city, California",0.4098,0.0385
1600000US0613392,0613392,"Chula Vista city, California",0.4106,0.0175
1600000US0613588,0613588,"Citrus Heights city, California",0.3872,0.0256
1600000US0614218,0614218,"Clovis city, California",0.4586,0.0334
1600000US0615044,0615044,"Compton city, California",0.4374,0.0366
1600000US0616000,0616000,"Concord city, California",0.4132,0.0278
1600000US0616350,0616350,"Corona city, California",0.4042,0.0201
1600000US0616532,0616532,"Costa Mesa city, California",0.4249,0.0222
1600000US0617918,0617918,"Daly City city, California",0.3959,0.0215
1600000US0618100,0618100,"Davis city, California",0.5208,0.0394
1600000US0619766,0619766,"Downey city, California",0.4279,0.0336
1600000US0620802,0620802,"East Los Angeles CDP, California",0.4098,0.0203
1600000US0621712,0621712,"El Cajon city, California",0.4638,0.0368
1600000US0622020,0622020,"Elk Grove city, California",0.3847,0.0246
1600000US0622230,0622230,"El Monte city, California",0.4130,0.0218
1600000US0622804,0622804,"Escondido city, California",0.4681,0.0269
1600000US0623182,0623182,"Fairfield city, California",0.4225,0.0297
1600000US0624477,0624477,"Florence-Graham CDP, California",0.4196,0.0252
1600000US0624638,0624638,"Folsom city, California",0.3597,0.0242
1600000US0624680,0624680,"Fontana city, California",0.3877,0.0325
1600000US0626000,0626000,"Fremont city, California",0.3983,0.0179
1600000US0627000,0627000,"Fresno city, California",0.4863,0.0129
1600000US0628000,0628000,"Fullerton city, California",0.4749,0.0284
1600000US0629000,0629000,"Garden Grove city, California",0.4472,0.0215
1600000US0630000,0630000,"Glendale city, California",0.4684,0.0142
1600000US0632548,0632548,"Hawthorne city, California",0.4668,0.0367
1600000US0633000,0633000,"Hayward city, California",0.4591,0.0232
1600000US0633182,0633182,"Hemet city, California",0.4478,0.0254
1600000US0633434,0633434,"Hesperia city, California",0.4355,0.0276
1600000US0636000,0636000,"Huntington Beach city, California",0.4501,0.0181
1600000US0636448,0636448,"Indio city, California",0.4321,0.0236
1600000US0636546,0636546,"Inglewood city, California",0.4499,0.0374
1600000US0636770,0636770,"Irvine city, California",0.4378,0.0265
1600000US0637692,0637692,"Jurupa Valley city, California",0.4043,0.0220
1600000US0639496,0639496,"Lake Forest city, California",0.4024,0.0278
1600000US0639892,0639892,"Lakewood city, California",0.3702,0.0212
1600000US0640130,0640130,"Lancaster city, California",0.4556,0.0269
1600000US0641992,0641992,"Livermore city, California",0.4023,0.0263
1600000US0643000,0643000,"Long Beach city, California",0.4793,0.0119
1600000US0644000,0644000,"Los Angeles city, California",0.5235,0.0049
1600000US0644574,0644574,"Lynwood city, California",0.4226,0.0413
1600000US0645484,0645484,"Manteca city, California",0.4169,0.0318
1600000US0646842,0646842,"Menifee city, California",0.3675,0.0200
1600000US0646898,0646898,"Merced city, California",0.4675,0.0263
1600000US0647766,0647766,"Milpitas city, California",0.3938,0.0295
1600000US0648256,0648256,"Mission Viejo city, California",0.4052,0.0233
1600000US0648354,0648354,"Modesto city, California",0.4581,0.0192
1600000US0649270,0649270,"Moreno Valley city, California",0.3860,0.0142
1600000US0649670,0649670,"Mountain View city, California",0.4809,0.0287
1600000US0650076,0650076,"Murrieta city, California",0.3837,0.0251
1600000US0650258,0650258,"Napa city, California",0.4068,0.0270
1600000US0651182,0651182,"Newport Beach city, California",0.5581,0.0377
1600000US0652526,0652526,"Norwalk city, California",0.3955,0.0386
1600000US0653000,0653000,"Oakland city, California",0.5235,0.0164
1600000US0653322,0653322,"Oceanside city, California",0.4309,0.0223
1600000US0653896,0653896,"Ontario city, California",0.3777,0.0179
1600000US0653980,0653980,"Orange city, California",0.4229,0.0178
1600000US0654652,0654652,"Oxnard city, California",0.4097,0.0174
1600000US0655156,0655156,"Palmdale city, California",0.4393,0.0195
1600000US0655282,0655282,"Palo Alto city, California",0.5082,0.0282
1600000US0656000,0656000,"Pasadena city, California",0.5046,0.0252
1600000US0656700,0656700,"Perris city, California",0.3357,0.0265
1600000US0657456,0657456,"Pittsburg city, California",0.4158,0.0387
1600000US0657792,0657792,"Pleasanton city, California",0.4274,0.0284
1600000US0658072,0658072,"Pomona city, California",0.4277,0.0246
1600000US0659444,0659444,"Rancho Cordova city, California",0.4160,0.0209
1600000US0659451,0659451,"Rancho Cucamonga city, California",0.4150,0.0271
1600000US0659920,0659920,"Redding city, California",0.4516,0.0196
1600000US0659962,0659962,"Redlands city, California",0.4449,0.0350
1600000US0660018,0660018,"Redondo Beach city, California",0.4252,0.0310
1600000US0660102,0660102,"Redwood City city, California",0.4553,0.0281
1600000US0660466,0660466,"Rialto city, California",0.4262,0.0538
1600000US0660620,0660620,"Richmond city, California",0.4795,0.0434
1600000US0662000,0662000,"Riverside city, California",0.4483,0.0115
1600000US0662938,0662938,"Roseville city, California",0.4013,0.0220
1600000US0664000,0664000,"Sacramento city, California",0.4750,0.0157
1600000US0664224,0664224,"Salinas city, California",0.4137,0.0219
1600000US0665000,0665000,"San Bernardino city, California",0.4434,0.0183
1600000US0665042,0665042,"San Buenaventura (Ventura) city, California",0.4025,0.0195
1600000US0666000,0666000,"San Diego city, California",0.4657,0.0087
1600000US0667000,0667000,"San Francisco city, California",0.5225,0.0104
1600000US0668000,0668000,"San Jose city, California",0.4446,0.0143
1600000US0668084,0668084,"San Leandro city, California",0.3909,0.0245
1600000US0668196,0668196,"San Marcos city, California",0.4839,0.0341
1600000US0668252,0668252,"San Mateo city, California",0.4505,0.0262
1600000US0668378,0668378,"San Ramon city, California",0.3686,0.0291
1600000US0669000,0669000,"Santa Ana city, California",0.4135,0.0253
1600000US0669070,0669070,"Santa Barbara city, California",0.4452,0.0304
1600000US0669084,0669084,"Santa Clara city, California",0.4320,0.0339
1600000US0669088,0669088,"Santa Clarita city, California",0.4275,0.0207
1600000US0669196,0669196,"Santa Maria city, California",0.4066,0.0200
1600000US0670000,0670000,"Santa Monica city, California",0.5260,0.0419
1600000US0670098,0670098,"Santa Rosa city, California",0.4452,0.0307
1600000US0672016,0672016,"Simi Valley city, California",0.4101,0.0238
1600000US0673080,0673080,"South Gate city, California",0.4073,0.0202
1600000US0673262,0673262,"South San Francisco city, California",0.4145,0.0341
1600000US0675000,0675000,"Stockton city, California",0.4662,0.0176
1600000US0677000,0677000,"Sunnyvale city, California",0.4055,0.0200
1600000US0678120,0678120,"Temecula city, California",0.3593,0.0251
1600000US0678582,0678582,"Thousand Oaks city, California",0.4629,0.0429
1600000US0680000,0680000,"Torrance city, California",0.4251,0.0221
1600000US0680238,0680238,"Tracy city, California",0.4081,0.0339
1600000US0680812,0680812,"Turlock city, California",0.4549,0.0337
1600000US0680854,0680854,"Tustin city, California",0.4285,0.0283
1600000US0681204,0681204,"Union City city, California",0.4256,0.0227
1600000US0681344,0681344,"Upland city, California",0.4442,0.0203
1600000US0681554,0681554,"Vacaville city, California",0.4012,0.0245
1600000US0681666,0681666,"Vallejo city, California",0.4282,0.0173
1600000US0682590,0682590,"Victorville city, California",0.4319,0.0323
1600000US0682954,0682954,"Visalia city, California",0.4374,0.0213
1600000US0682996,0682996,"Vista city, California",0.4314,0.0277
1600000US0683346,0683346,"Walnut Creek city, California",0.4677,0.0363
1600000US0684200,0684200,"West Covina city, California",0.4092,0.0302
1600000US0684550,0684550,"Westminster city, California",0.4383,0.0176
1600000US0685292,0685292,"Whittier city, California",0.4780,0.0313
1600000US0686832,0686832,"Yorba Linda city, California",0.4038,0.0275
1600000US0686972,0686972,"Yuba City city, California",0.4834,0.0659
1600000US0803455,0803455,"Arvada city, Colorado",0.4340,0.0276
1600000US0804000,0804000,"Aurora city, Colorado",0.4133,0.0120
1600000US0807850,0807850,"Boulder city, Colorado",0.5253,0.0247
1600000US0812815,0812815,"Centennial city, Colorado",0.3844,0.0332
1600000US0816000,0816000,"Colorado Springs city, Colorado",0.4447,0.0183
1600000US0820000,0820000,"Denver city, Colorado",0.5048,0.0136
1600000US0827425,0827425,"Fort Collins city, Colorado",0.4840,0.0260
1600000US0832155,0832155,"Greeley city, Colorado",0.4324,0.0292
1600000US0836410,0836410,"Highlands Ranch CDP, Colorado",0.3789,0.0186
1600000US0843000,0843000,"Lakewood city, Colorado",0.4357,0.0173
1600000US0845970,0845970,"Longmont city, Colorado",0.4408,0.0271
1600000US0846465,0846465,"Loveland city, Colorado",0.4177,0.0413
1600000US0862000,0862000,"Pueblo city, Colorado",0.4404,0.0177
1600000US0877290,0877290,"Thornton city, Colorado",0.3518,0.0261
1600000US0883835,0883835,"Westminster city, Colorado",0.3995,0.0239
1600000US0908000,0908000,"Bridgeport city, Connecticut",0.4813,0.0281
1600000US0918430,0918430,"Danbury city, Connecticut",0.4166,0.0220
1600000US0937000,0937000,"Hartford city, Connecticut",0.5176,0.0188
1600000US0950370,0950370,"New Britain city, Connecticut",0.4585,0.0241
1600000US0952000,0952000,"New Haven city, Connecticut",0.5144,0.0249
1600000US0955990,0955990,"Norwalk city, Connecticut",0.5149,0.0332
1600000US0973000,0973000,"Stamford city, Connecticut",0.4984,0.0271
1600000US0980000,0980000,"Waterbury city, Connecticut",0.4451,0.0258
1600000US1077580,1077580,"Wilmington city, Delaware",0.5281,0.0492
1600000US1150000,1150000,"Washington city, District of Columbia",0.5343,0.0126
1600000US1200410,1200410,"Alafaya CDP, Florida",0.3867,0.0343
1600000US1207300,1207300,"Boca Raton city, Florida",0.5224,0.0273
1600000US1207875,1207875,"Boynton Beach city, Florida",0.4705,0.0576
1600000US1208150,1208150,"Brandon CDP, Florida",0.4331,0.0550
1600000US1210275,1210275,"Cape Coral city, Florida",0.4075,0.0243
1600000US1212875,1212875,"Clearwater city, Florida",0.4707,0.0223
1600000US1214400,1214400,"Coral Springs city, Florida",0.4536,0.0478
1600000US1216475,1216475,"Davie town, Florida",0.4749,0.0203
1600000US1216725,1216725,"Deerfield Beach city, Florida",0.4556,0.0313
1600000US1217200,1217200,"Deltona city, Florida",0.4009,0.0389
1600000US1224000,1224000,"Fort Lauderdale city, Florida",0.4885,0.0205
1600000US1224125,1224125,"Fort Myers city, Florida",0.5095,0.0449
1600000US1225175,1225175,"Gainesville city, Florida",0.5537,0.0352
1600000US1230000,1230000,"Hialeah city, Florida",0.4502,0.0151
1600000US1232000,1232000,"Hollywood city, Florida",0.4635,0.0242
1600000US1235000,1235000,"Jacksonville city, Florida",0.4684,0.0119
1600000US1236100,1236100,"Kendall CDP, Florida",0.4822,0.0367
1600000US1238250,1238250,"Lakeland city, Florida",0.4421,0.0227
1600000US1239425,1239425,"Largo city, Florida",0.4528,0.0561
1600000US1239550,1239550,"Lauderhill city, Florida",0.4385,0.0290
1600000US1239925,1239925,"Lehigh Acres CDP, Florida",0.3776,0.0191
1600000US1243975,1243975,"Melbourne city, Florida",0.4778,0.0361
1600000US1245000,1245000,"Miami city, Florida",0.5650,0.0182
1600000US1245025,1245025,"Miami Beach city, Florida",0.6350,0.0429
1600000US1245060,1245060,"Miami Gardens city, Florida",0.4711,0.0401
1600000US1245975,1245975,"Miramar city, Florida",0.3767,0.0333
1600000US1253000,1253000,"Orlando city, Florida",0.4809,0.0281
1600000US1254000,1254000,"Palm Bay city, Florida",0.4273,0.0263
1600000US1254200,1254200,"Palm Coast city, Florida",0.4233,0.0282
1600000US1255775,1255775,"Pembroke Pines city, Florida",0.4282,0.0200
1600000US1256825,1256825,"Pine Hills CDP, Florida",0.4111,0.0217
1600000US1257425,1257425,"Plantation city, Florida",0.4585,0.0292
1600000US1258050,1258050,"Pompano Beach city, Florida",0.4665,0.0260
1600000US1258715,1258715,"Port St. Lucie city, Florida",0.4044,0.0353
1600000US1260950,1260950,"Riverview CDP, Florida",0.3745,0.0330
1600000US1263000,1263000,"St. Petersburg city, Florida",0.4890,0.0198
1600000US1268350,1268350,"Spring Hill CDP, Florida",0.4294,0.0328
1600000US1269700,1269700,"Sunrise city, Florida",0.4313,0.0434
1600000US1270600,1270600,"Tallahassee city, Florida",0.5102,0.0233
1600000US1271000,1271000,"Tampa city, Florida",0.5537,0.0174
1600000US1272145,1272145,"Town 'n' Country CDP, Florida",0.4512,0.0349
1600000US1276582,1276582,"Weston city, Florida",0.4090,0.0335
1600000US1276600,1276600,"West Palm Beach city, Florida",0.5167,0.0314
1600000US1301052,1301052,"Albany city, Georgia",0.5587,0.0532
1600000US1303440,1303440,"Athens-Clarke County unified government (balance), Georgia",0.5466,0.0290
1600000US1304000,1304000,"Atlanta city, Georgia",0.5882,0.0177
1600000US1304204,1304204,"Augusta-Richmond County consolidated government (balance), Georgia",0.4786,0.0251
1600000US1319000,1319000,"Columbus city, Georgia",0.4855,0.0290
1600000US1342425,1342425,"Johns Creek city, Georgia",0.3887,0.0287
1600000US1349000,1349000,"Macon city, Georgia",0.5378,0.0306
1600000US1367284,1367284,"Roswell city, Georgia",0.4401,0.0268
1600000US1368516,1368516,"Sandy Springs city, Georgia",0.5448,0.0282
1600000US1369000,1369000,"Savannah city, Georgia",0.4946,0.0188
1600000US1380508,1380508,"Warner Robins city, Georgia",0.4333,0.0294
1600000US1571550,1571550,"Urban Honolulu CDP, Hawaii",0.4473,0.0131
1600000US1608830,1608830,"Boise City city, Idaho",0.4550,0.0153
1600000US1652120,1652120,"Meridian city, Idaho",0.3994,0.0629
1600000US1656260,1656260,"Nampa city, Idaho",0.3731,0.0279
1600000US1702154,1702154,"Arlington Heights village, Illinois",0.4142,0.0248
1600000US1703012,1703012,"Aurora city, Illinois",0.4186,0.0185
1600000US1706613,1706613,"Bloomington city, Illinois",0.4278,0.0215
1600000US1707133,1707133,"Bolingbrook village, Illinois",0.3599,0.0271
1600000US1712385,1712385,"Champaign city, Illinois",0.4917,0.0310
1600000US1714000,1714000,"Chicago city, Illinois",0.5286,0.0092
1600000US1714351,1714351,"Cicero town, Illinois",0.3890,0.0251
1600000US1718823,1718823,"Decatur city, Illinois",0.4588,0.0237
1600000US1723074,1723074,"Elgin city, Illinois",0.4296,0.0303
1600000US1724582,1724582,"Evanston city, Illinois",0.5065,0.0267
1600000US1738570,1738570,"Joliet city, Illinois",0.4131,0.0342
1600000US1751622,1751622,"Naperville city, Illinois",0.4056,0.0248
1600000US1757225,1757225,"Palatine village, Illinois",0.4200,0.0269
1600000US1759000,1759000,"Peoria city, Illinois",0.5031,0.0282
1600000US1765000,1765000,"Rockford city, Illinois",0.4836,0.0261
1600000US1768003,1768003,"Schaumburg village, Illinois",0.3441,0.0202
1600000US1770122,1770122,"Skokie village, Illinois",0.4703,0.0259
1600000US1772000,1772000,"Springfield city, Illinois",0.4578,0.0217
1600000US1779293,1779293,"Waukegan city, Illinois",0.4632,0.0318
1600000US1805860,1805860,"Bloomington city, Indiana",0.5581,0.0401
1600000US1810342,1810342,"Carmel city, Indiana",0.4326,0.0343
1600000US1822000,1822000,"Evansville city, Indiana",0.4352,0.0227
1600000US1823278,1823278,"Fishers town, Indiana",0.3437,0.0286
1600000US1825000,1825000,"Fort Wayne city, Indiana",0.4346,0.0160
1600000US1827000,1827000,"Gary city, Indiana",0.5191,0.0285
1600000US1831000,1831000,"Hammond city, Indiana",0.4049,0.0202
1600000US1836003,1836003,"Indianapolis city (balance), Indiana",0.4737,0.0098
1600000US1840788,1840788,"Lafayette city, Indiana",0.3956,0.0280
1600000US1851876,1851876,"Muncie city, Indiana",0.4819,0.0341
1600000US1871000,1871000,"South Bend city, Indiana",0.4590,0.0232
1600000US1912000,1912000,"Cedar Rapids city, Iowa",0.4300,0.0246
1600000US1919000,1919000,"Davenport city, Iowa",0.4308,0.0197
1600000US1921000,1921000,"Des Moines city, Iowa",0.4303,0.0194
1600000US1938595,1938595,"Iowa City city, Iowa",0.4836,0.0240
1600000US1973335,1973335,"Sioux City city, Iowa",0.4237,0.0319
1600000US1982425,1982425,"Waterloo city, Iowa",0.3960,0.0368
1600000US2036000,2036000,"Kansas City city, Kansas",0.4327,0.0146
1600000US2038900,2038900,"Lawrence city, Kansas",0.4888,0.0338
1600000US2052575,2052575,"Olathe city, Kansas",0.3755,0.0215
1600000US2053775,2053775,"Overland Park city, Kansas",0.4268,0.0158
1600000US2071000,2071000,"Topeka city, Kansas",0.4398,0.0234
1600000US2079000,2079000,"Wichita city, Kansas",0.4610,0.0144
1600000US2146027,2146027,"Lexington-Fayette urban county, Kentucky",0.4870,0.0147
1600000US2148006,2148006,"Louisville/Jefferson County metro government (balance), Kentucky",0.4735,0.0127
1600000US2205000,2205000,"Baton Rouge city, Louisiana",0.5199,0.0212
1600000US2239475,2239475,"Kenner city, Louisiana",0.4263,0.0244
1600000US2240735,2240735,"Lafayette city, Louisiana",0.5186,0.0288
1600000US2241155,2241155,"Lake Charles city, Louisiana",0.5014,0.0288
1600000US2250115,2250115,"Metairie CDP, Louisiana",0.4760,0.0207
1600000US2255000,2255000,"New Orleans city, Louisiana",0.5744,0.0156
1600000US2270000,2270000,"Shreveport city, Louisiana",0.4865,0.0196
1600000US2360545,2360545,"Portland city, Maine",0.4578,0.0233
1600000US2404000,2404000,"Baltimore city, Maryland",0.5008,0.0084
1600000US2419125,2419125,"Columbia CDP, Maryland",0.4027,0.0261
1600000US2426000,2426000,"Ellicott City CDP, Maryland",0.3696,0.0252
1600000US2430325,2430325,"Frederick city, Maryland",0.3863,0.0245
1600000US2432025,2432025,"Germantown CDP, Maryland",0.3630,0.0231
1600000US2432650,2432650,"Glen Burnie CDP, Maryland",0.4011,0.0261
1600000US2472450,2472450,"Silver Spring CDP, Maryland",0.4268,0.0216
1600000US2481175,2481175,"Waldorf CDP, Maryland",0.3937,0.0367
1600000US2507000,2507000,"Boston city, Massachusetts",0.5405,0.0127
1600000US2509000,2509000,"Brockton city, Massachusetts",0.4181,0.0236
1600000US2511000,2511000,"Cambridge city, Massachusetts",0.5397,0.0328
1600000US2523000,2523000,"Fall River city, Massachusetts",0.4591,0.0207
1600000US2524960,2524960,"Framingham CDP, Massachusetts",0.4294,0.0322
1600000US2534550,2534550,"Lawrence city, Massachusetts",0.4944,0.0290
1600000US2537000,2537000,"Lowell city, Massachusetts",0.4366,0.0180
1600000US2537490,2537490,"Lynn city, Massachusetts",0.4783,0.0234
1600000US2545000,2545000,"New Bedford city, Massachusetts",0.4412,0.0202
1600000US2545560,2545560,"Newton city, Massachusetts",0.4980,0.0243
1600000US2555745,2555745,"Quincy city, Massachusetts",0.4383,0.0258
1600000US2562535,2562535,"Somerville city, Massachusetts",0.4329,0.0233
1600000US2567000,2567000,"Springfield city, Massachusetts",0.4880,0.0208
1600000US2582000,2582000,"Worcester city, Massachusetts",0.4826,0.0192
1600000US2603000,2603000,"Ann Arbor city, Michigan",0.4997,0.0176
1600000US2621000,2621000,"Dearborn city, Michigan",0.4482,0.0237
1600000US2622000,2622000,"Detroit city, Michigan",0.5105,0.0116
1600000US2627440,2627440,"Farmington Hills city, Michigan",0.4940,0.0326
1600000US2629000,2629000,"Flint city, Michigan",0.4469,0.0182
1600000US2634000,2634000,"Grand Rapids city, Michigan",0.4536,0.0219
1600000US2642160,2642160,"Kalamazoo city, Michigan",0.5027,0.0316
1600000US2646000,2646000,"Lansing city, Michigan",0.4426,0.0182
1600000US2649000,2649000,"Livonia city, Michigan",0.3858,0.0242
1600000US2669035,2669035,"Rochester Hills city, Michigan",0.4089,0.0255
1600000US2674900,2674900,"Southfield city, Michigan",0.4425,0.0249
1600000US2676460,2676460,"Sterling Heights city, Michigan",0.4134,0.0168
1600000US2680700,2680700,"Troy city, Michigan",0.4346,0.0282
1600000US2684000,2684000,"Warren city, Michigan",0.4034,0.0174
1600000US2686000,2686000,"Westland city, Michigan",0.4075,0.0242
1600000US2688940,2688940,"Wyoming city, Michigan",0.3739,0.0228
1600000US2706616,2706616,"Bloomington city, Minnesota",0.4238,0.0268
1600000US2707966,2707966,"Brooklyn Park city, Minnesota",0.3942,0.0270
1600000US2717000,2717000,"Duluth city, Minnesota",0.4865,0.0275
1600000US2743000,2743000,"Minneapolis city, Minnesota",0.4941,0.0137
1600000US2751730,2751730,"Plymouth city, Minnesota",0.4536,0.0298
1600000US2754880,2754880,"Rochester city, Minnesota",0.4138,0.0181
1600000US2756896,2756896,"St. Cloud city, Minnesota",0.4624,0.0271
1600000US2758000,2758000,"St. Paul city, Minnesota",0.4579,0.0136
1600000US2829700,2829700,"Gulfport city, Mississippi",0.4528,0.0229
1600000US2836000,2836000,"Jackson city, Mississippi",0.5611,0.0400
1600000US2915670,2915670,"Columbia city, Missouri",0.5313,0.0313
1600000US2935000,2935000,"Independence city, Missouri",0.4104,0.0204
1600000US2938000,2938000,"Kansas City city, Missouri",0.4971,0.0153
1600000US2941348,2941348,"Lee's Summit city, Missouri",0.4049,0.0273
1600000US2954074,2954074,"O'Fallon city, Missouri",0.3578,0.0267
1600000US2964082,2964082,"St. Charles city, Missouri",0.4163,0.0202
1600000US2964550,2964550,"St. Joseph city, Missouri",0.4533,0.0252
1600000US2965000,2965000,"St. Louis city, Missouri",0.5201,0.0158
1600000US2970000,2970000,"Springfield city, Missouri",0.4472,0.0405
1600000US3006550,3006550,"Billings city, Montana",0.4333,0.0339
1600000US3050200,3050200,"Missoula city, Montana",0.4696,0.0311
1600000US3128000,3128000,"Lincoln city, Nebraska",0.4492,0.0128
1600000US3137000,3137000,"Omaha city, Nebraska",0.4618,0.0112
1600000US3223770,3223770,"Enterprise CDP, Nevada",0.3871,0.0242
1600000US3231900,3231900,"Henderson city, Nevada",0.4397,0.0198
1600000US3240000,3240000,"Las Vegas city, Nevada",0.4589,0.0145
1600000US3251800,3251800,"North Las Vegas city, Nevada",0.4035,0.0195
1600000US3254600,3254600,"Paradise CDP, Nevada",0.4484,0.0261
1600000US3260600,3260600,"Reno city, Nevada",0.4788,0.0199
1600000US3268400,3268400,"Sparks city, Nevada",0.3880,0.0171
1600000US3268585,3268585,"Spring Valley CDP, Nevada",0.4376,0.0320
1600000US3271400,3271400,"Sunrise Manor CDP, Nevada",0.4295,0.0151
1600000US3345140,3345140,"Manchester city, New Hampshire",0.4185,0.0230
1600000US3350260,3350260,"Nashua city, New Hampshire",0.4148,0.0205
1600000US3410000,3410000,"Camden city, New Jersey",0.4963,0.0281
1600000US3413690,3413690,"Clifton city, New Jersey",0.4388,0.0454
1600000US3419390,3419390,"East Orange city, New Jersey",0.4439,0.0244
1600000US3421000,3421000,"Elizabeth city, New Jersey",0.4199,0.0192
1600000US3436000,3436000,"Jersey City city, New Jersey",0.4969,0.0199
1600000US3451000,3451000,"Newark city, New Jersey",0.4726,0.0132
1600000US3456550,3456550,"Passaic city, New Jersey",0.5094,0.0314
1600000US3457000,3457000,"Paterson city, New Jersey",0.4823,0.0288
1600000US3473110,3473110,"Toms River CDP, New Jersey",0.4226,0.0247
1600000US3474000,3474000,"Trenton city, New Jersey",0.4733,0.0253
1600000US3474630,3474630,"Union City city, New Jersey",0.5122,0.0634
1600000US3502000,3502000,"Albuquerque city, New Mexico",0.4602,0.0119
1600000US3539380,3539380,"Las Cruces city, New Mexico",0.4569,0.0295
1600000US3563460,3563460,"Rio Rancho city, New Mexico",0.3970,0.0285
1600000US3570500,3570500,"Santa Fe city, New Mexico",0.4961,0.0292
1600000US3601000,3601000,"Albany city, New York",0.4594,0.0226
1600000US3611000,3611000,"Buffalo city, New York",0.5113,0.0201
1600000US3615000,3615000,"Cheektowaga CDP, New York",0.3794,0.0155
1600000US3649121,3649121,"Mount Vernon city, New York",0.4560,0.0237
1600000US3650617,3650617,"New Rochelle city, New York",0.4813,0.0262
1600000US3651000,3651000,"New York city, New York",0.5381,0.0049
1600000US3663000,3663000,"Rochester city, New York",0.4818,0.0143
1600000US3665508,3665508,"Schenectady city, New York",0.4477,0.0234
1600000US3673000,3673000,"Syracuse city, New York",0.4910,0.0143
1600000US3684000,3684000,"Yonkers city, New York",0.4814,0.0156
1600000US3702140,3702140,"Asheville city, North Carolina",0.4690,0.0360
1600000US3710740,3710740,"Cary town, North Carolina",0.3976,0.0183
1600000US3712000,3712000,"Charlotte city, North Carolina",0.5062,0.0139
1600000US3714100,3714100,"Concord city, North Carolina",0.4410,0.0283
1600000US3719000,3719000,"Durham city, North Carolina",0.4800,0.0241
1600000US3722920,3722920,"Fayetteville city, North Carolina",0.4057,0.0146
1600000US3725580,3725580,"Gastonia city, North Carolina",0.4505,0.0269
1600000US3728000,3728000,"Greensboro city, North Carolina",0.4830,0.0183
1600000US3728080,3728080,"Greenville city, North Carolina",0.4717,0.0253
1600000US3731400,3731400,"High Point city, North Carolina",0.4341,0.0204
1600000US3734200,3734200,"Jacksonville city, North Carolina",0.4177,0.0493
1600000US3755000,3755000,"Raleigh city, North Carolina",0.4597,0.0141
1600000US3774440,3774440,"Wilmington city, North Carolina",0.4941,0.0275
1600000US3775000,3775000,"Winston-Salem city, North Carolina",0.5250,0.0221
1600000US3825700,3825700,"Fargo city, North Dakota",0.4632,0.0252
1600000US3901000,3901000,"Akron city, Ohio",0.4753,0.0198
1600000US3912000,3912000,"Canton city, Ohio",0.4313,0.0228
1600000US3915000,3915000,"Cincinnati city, Ohio",0.5502,0.0194
1600000US3916000,3916000,"Cleveland city, Ohio",0.5168,0.0152
1600000US3918000,3918000,"Columbus city, Ohio",0.4491,0.0090
1600000US3921000,3921000,"Dayton city, Ohio",0.4835,0.0199
1600000US3944856,3944856,"Lorain city, Ohio",0.4507,0.0216
1600000US3961000,3961000,"Parma city, Ohio",0.4016,0.0241
1600000US3977000,3977000,"Toledo city, Ohio",0.4567,0.0122
1600000US3988000,3988000,"Youngstown city, Ohio",0.4651,0.0265
1600000US4009050,4009050,"Broken Arrow city, Oklahoma",0.3830,0.0184
1600000US4023200,4023200,"Edmond city, Oklahoma",0.4968,0.0349
1600000US4041850,4041850,"Lawton city, Oklahoma",0.3989,0.0259
1600000US4052500,4052500,"Norman city, Oklahoma",0.4941,0.0342
1600000US4055000,4055000,"Oklahoma City city, Oklahoma",0.4830,0.0251
1600000US4075000,4075000,"Tulsa city, Oklahoma",0.5137,0.0116
1600000US4105350,4105350,"Beaverton city, Oregon",0.4388,0.0326
1600000US4105800,4105800,"Bend city, Oregon",0.4655,0.0459
1600000US4123850,4123850,"Eugene city, Oregon",0.5264,0.0299
1600000US4131250,4131250,"Gresham city, Oregon",0.4175,0.0246
1600000US4134100,4134100,"Hillsboro city, Oregon",0.3832,0.0230
1600000US4147000,4147000,"Medford city, Oregon",0.4585,0.0444
1600000US4159000,4159000,"Portland city, Oregon",0.4776,0.0125
1600000US4164900,4164900,"Salem city, Oregon",0.4420,0.0207
1600000US4202000,4202000,"Allentown city, Pennsylvania",0.4367,0.0300
1600000US4206088,4206088,"Bethlehem city, Pennsylvania",0.4542,0.0332
1600000US4224000,4224000,"Erie city, Pennsylvania",0.4492,0.0255
1600000US4260000,4260000,"Philadelphia city, Pennsylvania",0.5116,0.0095
1600000US4261000,4261000,"Pittsburgh city, Pennsylvania",0.5272,0.0186
1600000US4263624,4263624,"Reading city, Pennsylvania",0.4328,0.0261
1600000US4269000,4269000,"Scranton city, Pennsylvania",0.4370,0.0246
1600000US4419180,4419180,"Cranston city, Rhode Island",0.4265,0.0249
1600000US4454640,4454640,"Pawtucket city, Rhode Island",0.4551,0.0371
1600000US4459000,4459000,"Providence city, Rhode Island",0.5445,0.0258
1600000US4474300,4474300,"Warwick city, Rhode Island",0.4150,0.0208
1600000US4513330,4513330,"Charleston city, South Carolina",0.5145,0.0291
1600000US4516000,4516000,"Columbia city, South Carolina",0.5008,0.0227
1600000US4548535,4548535,"Mount Pleasant town, South Carolina",0.4336,0.0308
1600000US4550875,4550875,"North Charleston city, South Carolina",0.4413,0.0250
1600000US4561405,4561405,"Rock Hill city, South Carolina",0.4432,0.0346
1600000US4652980,4652980,"Rapid City city, South Dakota",0.4332,0.0283
1600000US4659020,4659020,"Sioux Falls city, South Dakota",0.4284,0.0285
1600000US4714000,4714000,"Chattanooga city, Tennessee",0.5061,0.0277
1600000US4715160,4715160,"Clarksville city, Tennessee",0.3945,0.0197
1600000US4727740,4727740,"Franklin city, Tennessee",0.4271,0.0337
1600000US4737640,4737640,"Jackson city, Tennessee",0.4746,0.0287
1600000US4740000,4740000,"Knoxville city, Tennessee",0.4879,0.0202
1600000US4748000,4748000,"Memphis city, Tennessee",0.5078,0.0126
1600000US4751560,4751560,"Murfreesboro city, Tennessee",0.4228,0.0217
1600000US4752006,4752006,"Nashville-Davidson metropolitan government (balance), Tennessee",0.4728,0.0112
1600000US4801000,4801000,"Abilene city, Texas",0.4604,0.0315
1600000US4801924,4801924,"Allen city, Texas",0.4056,0.0323
1600000US4803000,4803000,"Amarillo city, Texas",0.4395,0.0148
1600000US4804000,4804000,"Arlington city, Texas",0.4443,0.0212
1600000US4804462,4804462,"Atascocita CDP, Texas",0.4233,0.0780
1600000US4805000,4805000,"Austin city, Texas",0.4919,0.0113
1600000US4806128,4806128,"Baytown city, Texas",0.4380,0.0313
1600000US4807000,4807000,"Beaumont city, Texas",0.5328,0.0423
1600000US4810768,4810768,"Brownsville city, Texas",0.5237,0.0317
1600000US4810912,4810912,"Bryan city, Texas",0.4894,0.0382
1600000US4813024,4813024,"Carrollton city, Texas",0.4159,0.0388
1600000US4815976,4815976,"College Station city, Texas",0.5571,0.0292
1600000US4817000,4817000,"Corpus Christi city, Texas",0.4488,0.0183
1600000US4819000,4819000,"Dallas city, Texas",0.5299,0.0091
1600000US4819972,4819972,"Denton city, Texas",0.4647,0.0341
1600000US4822660,4822660,"Edinburg city, Texas",0.4435,0.0320
1600000US4824000,4824000,"El Paso city, Texas",0.4787,0.0136
1600000US4826232,4826232,"Flower Mound town, Texas",0.3504,0.0229
1600000US4827000,4827000,"Fort Worth city, Texas",0.4464,0.0106
1600000US4827684,4827684,"Frisco city, Texas",0.3619,0.0230
1600000US4829000,4829000,"Garland city, Texas",0.4096,0.0194
1600000US4830464,4830464,"Grand Prairie city, Texas",0.4143,0.0334
1600000US4832372,4832372,"Harlingen city, Texas",0.5023,0.0423
1600000US4835000,4835000,"Houston city, Texas",0.5283,0.0075
1600000US4837000,4837000,"Irving city, Texas",0.4630,0.0226
1600000US4839148,4839148,"Killeen city, Texas",0.4168,0.0282
1600000US4841464,4841464,"Laredo city, Texas",0.4652,0.0210
1600000US4841980,4841980,"League City city, Texas",0.3716,0.0297
1600000US4842508,4842508,"Lewisville city, Texas",0.3655,0.0182
1600000US4843888,4843888,"Longview city, Texas",0.4408,0.0323
1600000US4845000,4845000,"Lubbock city, Texas",0.4785,0.0193
1600000US4845384,4845384,"McAllen city, Texas",0.5242,0.0482
1600000US4845744,4845744,"McKinney city, Texas",0.4091,0.0274
1600000US4847892,4847892,"Mesquite city, Texas",0.4093,0.0275
1600000US4848072,4848072,"Midland city, Texas",0.4674,0.0256
1600000US4848768,4848768,"Mission city, Texas",0.5252,0.0528
1600000US4848804,4848804,"Missouri City city, Texas",0.3594,0.0269
1600000US4852356,4852356,"North Richland Hills city, Texas",0.4103,0.0316
1600000US4853388,4853388,"Odessa city, Texas",0.4190,0.0226
1600000US4856000,4856000,"Pasadena city, Texas",0.4392,0.0212
1600000US4856348,4856348,"Pearland city, Texas",0.4050,0.0558
1600000US4857200,4857200,"Pharr city, Texas",0.5026,0.0571
1600000US4858016,4858016,"Plano city, Texas",0.4568,0.0193
1600000US4861796,4861796,"Richardson city, Texas",0.4427,0.0230
1600000US4863500,4863500,"Round Rock city, Texas",0.3828,0.0217
1600000US4864472,4864472,"San Angelo city, Texas",0.4294,0.0286
1600000US4865000,4865000,"San Antonio city, Texas",0.4635,0.0080
1600000US4870808,4870808,"Sugar Land city, Texas",0.3982,0.0311
1600000US4872176,4872176,"Temple city, Texas",0.4353,0.0355
1600000US4872656,4872656,"The Woodlands CDP, Texas",0.4645,0.0299
1600000US4874144,4874144,"Tyler city, Texas",0.4945,0.0307
1600000US4876000,4876000,"Waco city, Texas",0.4852,0.0286
1600000US4879000,4879000,"Wichita Falls city, Texas",0.4850,0.0355
1600000US4943660,4943660,"Layton city, Utah",0.3921,0.0301
1600000US4950150,4950150,"Millcreek CDP, Utah",0.4889,0.0282
1600000US4955980,4955980,"Ogden city, Utah",0.4261,0.0252
1600000US4957300,4957300,"Orem city, Utah",0.4377,0.0496
1600000US4962470,4962470,"Provo city, Utah",0.4707,0.0307
1600000US4965330,4965330,"St. George city, Utah",0.4543,0.0351
1600000US4967000,4967000,"Salt Lake City city, Utah",0.5259,0.0350
1600000US4967440,4967440,"Sandy city, Utah",0.4164,0.0310
1600000US4982950,4982950,"West Jordan city, Utah",0.3349,0.0230
1600000US4983470,4983470,"West Valley City city, Utah",0.3657,0.0200
1600000US5101000,5101000,"Alexandria city, Virginia",0.4404,0.0186
1600000US5103000,5103000,"Arlington CDP, Virginia",0.4294,0.0154
1600000US5114440,5114440,"Centreville CDP, Virginia",0.3675,0.0347
1600000US5116000,5116000,"Chesapeake city, Virginia",0.4091,0.0178
1600000US5121088,5121088,"Dale City CDP, Virginia",0.3692,0.0275
1600000US5135000,5135000,"Hampton city, Virginia",0.4457,0.0232
1600000US5147672,5147672,"Lynchburg city, Virginia",0.4917,0.0339
1600000US5156000,5156000,"Newport News city, Virginia",0.4318,0.0228
1600000US5157000,5157000,"Norfolk city, Virginia",0.4927,0.0215
1600000US5164000,5164000,"Portsmouth city, Virginia",0.4345,0.0228
1600000US5167000,5167000,"Richmond city, Virginia",0.5347,0.0267
1600000US5168000,5168000,"Roanoke city, Virginia",0.4592,0.0279
1600000US5176432,5176432,"Suffolk city, Virginia",0.4111,0.0200
1600000US5182000,5182000,"Virginia Beach city, Virginia",0.4203,0.0146
1600000US5303180,5303180,"Auburn city, Washington",0.4069,0.0232
1600000US5305210,5305210,"Bellevue city, Washington",0.4517,0.0288
1600000US5305280,5305280,"Bellingham city, Washington",0.4555,0.0273
1600000US5322640,5322640,"Everett city, Washington",0.4191,0.0217
1600000US5323515,5323515,"Federal Way city, Washington",0.4681,0.0353
1600000US5335275,5335275,"Kennewick city, Washington",0.4684,0.0322
1600000US5335415,5335415,"Kent city, Washington",0.4279,0.0246
1600000US5353545,5353545,"Pasco city, Washington",0.4032,0.0381
1600000US5357745,5357745,"Renton city, Washington",0.4172,0.0211
1600000US5363000,5363000,"Seattle city, Washington",0.4862,0.0097
1600000US5367000,5367000,"Spokane city, Washington",0.4579,0.0210
1600000US5367167,5367167,"Spokane Valley city, Washington",0.4195,0.0312
1600000US5370000,5370000,"Tacoma city, Washington",0.4286,0.0148
1600000US5374060,5374060,"Vancouver city, Washington",0.4317,0.0243
1600000US5380010,5380010,"Yakima city, Washington",0.4723,0.0471
1600000US5502375,5502375,"Appleton city, Wisconsin",0.4343,0.0272
1600000US5522300,5522300,"Eau Claire city, Wisconsin",0.4426,0.0285
1600000US5531000,5531000,"Green Bay city, Wisconsin",0.4930,0.0450
1600000US5539225,5539225,"Kenosha city, Wisconsin",0.4281,0.0241
1600000US5548000,5548000,"Madison city, Wisconsin",0.4732,0.0278
1600000US5553000,5553000,"Milwaukee city, Wisconsin",0.4660,0.0106
1600000US5560500,5560500,"Oshkosh city, Wisconsin",0.4333,0.0522
1600000US5566000,5566000,"Racine city, Wisconsin",0.4392,0.0304
1600000US5584250,5584250,"Waukesha city, Wisconsin",0.4179,0.0282
